Num	title [nt.= no title]	extent	ms/xyl	lang/script	dimension	subject - 1	subject - 2
1	Bstan bsrung yongs rdzogs nag 'gros bkod pa bzhugs so	1 f	ms	bo-Latn-x-EWTS	26 x 9 cm		
2	 'Brug lug gi gsol 'debs bla ma byangs 'bed bzhugso	4 ff folded	ms	bo-Latn-x-EWTS	34 x 7 cm	Prayers.	Buddhism--Prayers and devotions.
3	Smon lam gyi rim pa rnams bzhugs so	23 ff	xyl	bo-Latn-x-EWTS	28 x 7 cm	Prayers.	Buddhism--Prayers and devotions.
4	Nyes  pa kun sel byin rlabs sgron me zhes bya ba bzhugs so	7 ff folded	xyl	bo-Latn-x-EWTS	27 x 9 cm	Ritual.	Buddhism--Rituals--Texts.
5	Sgrol ma man+Dal zhi pa chog ga zhugs so	9 ff	ms	bo-Latn-x-EWTS	31 x 8 cm	Ritual.	Buddhism--Rituals--Texts.
6	Mkhas grub rA go a syas mdzad pa'i rnam dag bde chen zhing gi smon lam bzhugs so	7 ff   	xyl	bo-Latn-x-EWTS	26 x 9 cm	Prayers.	Buddhism--Prayers and devotions.
7	nt: 1v Gsang ba'i snying bla na ma 'chi pa'i man ngag chig dril du byas nas sgom par byed pa la/ 	27 ff	ms	bo-Latn-x-EWTS	31 x 8 cm	Spiritual life--Buddhism.	
8	nt: 2r Rgyud mang snyan 'gyur gyis	40 ff first missing	xyl	bo-Latn-x-EWTS	36 x  9 cm	Spiritual life--Buddhism.	
9	OM A: hUM	1 f	ms	bo-Latn-x-EWTS	28 x 10 cm	Cover.	
10	nt: [1r] Bsangs mchod bzhugs so	[6 ff] folded	ms	bo-Latn-x-EWTS	24 x 8 cm	Ritual.	Buddhism--Rituals--Texts.
11	Phyogs bcu mun sel bzhugs so	4 ff  	xyl	bo-Latn-x-EWTS	25 x 8 cm 	Prayers.	Buddhism--Prayers and devotions.
12	 'Phags pa rgyal mtshan gyi rte mo'i dpung rgyan zhes bya ba bzhugs so	7 ff folded	xyl	bo-Latn-x-EWTS	27 x 8 cm	Spiritual life--Buddhism.	
13	Skyabs thugs rje ma ngan song kun grol bzhugs so	8 ff folded	xyl	bo-Latn-x-EWTS	27 x 8 cm	Prayers.	Buddhism--Prayers and devotions.
14	Nam par dag pa'i zhing mchog bde ba can gyi zhing gi yon tan smon lam mtha' yas yongs rdzogs pa nan grol lam bzang bzhugs so	3 ff folded	xyl	bo-Latn-x-EWTS	28 x 9 cm	Spiritual life--Buddhism.	
15	Rgya gar rdo rje gdan gyi gsol 'debs bzhugs so	4 ff	xyl	bo-Latn-x-EWTS	27 x 9 cm	Prayers.	Buddhism--Prayers and devotions.
16	Dud don lung rig pa'i mda' mo zhes bya ba bzhugs so	12 ff	xyl	bo-Latn-x-EWTS	29 x 8 cm	Prayers.	Buddhism--Prayers and devotions.
17	Gnas brtan phyag mchod? bzhugs? so	9 ff folded + 1 loose	xyl	bo-Latn-x-EWTS	26 x 9	Prayers.	Buddhism--Prayers and devotions.
18	Tshangs dbyangs rgya mtsho'i rnam thar lhun 'grugs? kyis bkod pa ces bya ba bzhugs so	10 ff folded	xyl	bo-Latn-x-EWTS	26 x 9	Religious biography.	Spiritual biography.
19	Ri klung gnas khang sogs la khrus chog byed tshul byed nyes pa kun sel bzhugs so	15 ff 	xyl	bo-Latn-x-EWTS	26 x 9	Ritual.	Buddhism--Rituals--Texts.
20	Lha bsangs rnam dag chos sku ma bzhugs so	31 ff	xyl	bo-Latn-x-EWTS	27 x 8	Prayers.	Buddhism--Prayers and devotions.
21	Skyabs 'gro khrus gsol maN+Dal bcas bzhugs so	17 ff	xyl	bo-Latn-x-EWTS	27 x 9	Ritual.	Buddhism--Rituals--Texts.
22	Rdzogs pa chen po gsang snying thig las/ Tshig bdun bla sgrub mdor bsdus byin rlabs char 'bebs bzhugs	5 ff	xyl	bo-Latn-x-EWTS	30 x 9	Ritual.	Buddhism--Rituals--Texts.
23	Grub dbang klong rdol  bla ma rin po che nas mdzad pa'i sman mdo shin tu bsdud pa dang dpal mgon slu sgrub kyi smon lam bcas bzhugso	6 ff folded	xyl	bo-Latn-x-EWTS	26  x 8	Prayers.	Buddhism--Prayers and devotions.
24	Yid bzhin 'khor lo'i rgyun khyer 'chi med bcud spungs zhes bya ba bzhugs so	3 ff	xyl	bo-Latn-x-EWTS	30 x 9	Ritual.	Buddhism--Rituals--Texts.
25	Chu sbrul rgyal chen rdo rje shugs ldan zhi ba'i rnam 'gyur 'dul 'dzin chos rgyal rang nas bka' stsal ba'i 'phrin bsgul dgra bgegs thal bar rlog pa'i gnam lcags thog 'bebs zhes bya ba bzhugs so 	10 ff  	xyl	bo-Latn-x-EWTS	35 x 9	Ritual.	Buddhism--Rituals--Texts.
26	nt: 1r Om swasti/ 	1 ff	xyl	bo-Latn-x-EWTS	38 x 9	Prayers.	Buddhism--Prayers and devotions.
27	Rje btsun rdo rje rnal 'byor ma nA ro mkha' spyod ma'i snying po dang / Rkang brgyad kyis bstod pa'i phan yon bshad pa skal bzang dga' bskyed ces bya ba bzhugso	54 ff	xyl	bo-Latn-x-EWTS	34 x 9	Ritual.	Buddhism--Rituals--Texts.
28	Rje btsun rdo rje rnal 'byor ma nA ro mkha' spyod kyi sgrub thabs thun mong ma yin pa bde chen nye lam zhes bya ba bzhugs so/ 'Di dbang dang byin rlabs thob kyang rim gnyis kyi zab khrid ma thob pas blta bar mi bya'o	30 ff	xyl	bo-Latn-x-EWTS	30 x 9	Ritual.	Buddhism--Rituals--Texts.
29	Rje btsun rdo rje rnal 'byor ma nA ro mkha' spyod kyi sgrub thabs thun mong ma yin pa bde chen nye lam zhes bya ba bzhugs so/ 'Di dbang dang byin rlabs thob kyang rim gnyis kyi zab khrid ma thob pas blta bar mi bya'o	30 ff	xyl	bo-Latn-x-EWTS	30 x 9	Ritual.	Buddhism--Rituals--Texts.
30	Klong chen snying tig dngon 'gro...[illeg.]	1 f [t.p. only]	xyl	bo-Latn-x-EWTS	28 x 9	Ritual.	Buddhism--Rituals--Texts.
31	Ye shes mkha' 'gro bde chen rgyal mo'i gsol 'debs bden pa gnyis kyi myu gu dngos grub 'byung gnas zhes bya ba bzhugs so/	5 ff	xyl	bo-Latn-x-EWTS	32 x 8	Ritual.	Buddhism--Rituals--Texts.
32	Klong chen snying gi thig le:  Nang sgrub rig 'dzin 'dus pa bzhugso/	11 ff	xyl	bo-Latn-x-EWTS	35 x 10	Ritual.	Buddhism--Rituals--Texts.
33	[misc] Klong chen snying thig...	12 ff	xyl	bo-Latn-x-EWTS	34 x 10	Ritual.	Buddhism--Rituals--Texts.
34	Klong chen snying gi thig le las/  'Pho ba ma sgom sangs rgyas bzhugso/	12 ff folded, bound	ms	bo-Latn-x-EWTS	16 x 7	Ritual.	Buddhism--Rituals--Texts.
35	Bka' srung sman btsun mched lnga'i phrin las dpag bsam yongs 'du dang 'brel ba'i tshogs mchod phan bde'i rna cha zhesby ba bzhug so/	5 ff	xyl	bo-Latn-x-EWTS	32 x 9	Ritual.	Buddhism--Rituals--Texts.
36	Zangs mdog dpal ri'i smon lam/  Dpal ri'i gsang lam zhes bya ba bzhugs so:	[incomplete?]	ms	bo-Latn-x-EWTS	23 x 6	Prayers.	Buddhism--Prayers and devotions.
37	nt. Kun mkhyen chen po'i mchod brgyad kyi gsol 'debs ni/	3 ff	ms	bo-Latn-x-EWTS	32 x 9	Prayers.	Buddhism--Prayers and devotions.
38	Bde can zhing gi smon lam bzhugs so	5 ff	xyl	bo-Latn-x-EWTS	30 x 9	Prayers.	Buddhism--Prayers and devotions.
39	Klong chen snying tig gi sngon 'gro'i rig 'don...[illeg]	31 ff [incompl]	xyl	bo-Latn-x-EWTS	30 x 8	Ritual.	Buddhism--Rituals--Texts.
40	nt: Rdzogs pa chen po klong chen snying thig gi brgyud 'debs byin rlabs char rgyun bzhugs	2 ff	xyl	bo-Latn-x-EWTS	32 x 9	Prayers.	Buddhism--Prayers and devotions.
41	nt: Tshogs byon	1 f	xyl	bo-Latn-x-EWTS	36 x 9	Prayers.	Buddhism--Prayers and devotions.
42	 'Phrul zhig kun bzang bla ma'i 'khrung rabs gsol 'debs dang jo bo thugs rje chen po'i brgyud 'debs bcas bzhugs so	3 ff	xyl	bo-Latn-x-EWTS	33 x 9	Prayers.	Buddhism--Prayers and devotions.
43	Klong chen snying gi thig le las:  'pho ba ma bsgoms sangs rgyas bzhugs:  chos sku 'grub pa'i 'brel legs	2 ff	ms	bo-Latn-x-EWTS	32 x 8	Ritual.	Buddhism--Rituals--Texts.
44	nt. extract from a Chos spyod	ff 35-38	xyl	bo-Latn-x-EWTS	32 x 10	Rnying-ma-pa (Sect)--Doctrines.	Buddhism--Doctrines.
45	nt. extract from a Thar pa'i them skas	ff 2-5	xyl	bo-Latn-x-EWTS	33 x 9	Prayers.	Buddhism--Prayers and devotions.
46	Klong chen snying gi thig le las:  nang sgrub rig 'dzin 'dus bzhugs	10 ff	xyl	bo-Latn-x-EWTS	33 x 9	Ritual.	Buddhism--Rituals--Texts.
47	Nyams chag sdig sgrib thams cad bshags pa'i rgyal po na rag dong sprug bzhugs so	13 ff	xyl	bo-Latn-x-EWTS	31 x 9	Ritual.	Buddhism--Rituals--Texts.
48	Klong chen snying thig las/  brgyud pa'i gsol 'debs bzhugs	6+1+1+2+3+1+4+4+2 ff	ms	bo-Latn-x-EWTS	32 x 9	Ritual.	Buddhism--Rituals--Texts.
49	Klong chen snying gi thig le las:  gzhi lam 'bras bu'i smon lam bzhugs	2... ff	xyl	bo-Latn-x-EWTS	31 x 8	Prayers.	Buddhism--Prayers and devotions.
50	Klong chen snying gi thig le las:  gcod yul mkha' 'gro'i gad rgyangs zhes bya ba bzhugs so	8 ff	xyl	bo-Latn-x-EWTS	32 x  9	Ritual.	Buddhism--Rituals--Texts.
51	Klong chen snying gi thig len las:  gcod yul mkha' 'gro'i geng rgyang kyi brgyud pa'i gso; 'debs dpa' ba'i gyad glu zhes bya ba bzhugs so	33 ff	ms	bo-Latn-x-EWTS	33 x 9	Prayers.	Buddhism--Prayers and devotions.
52	Sngon 'gro'i khrid dmigs brdor bsdus pa skad go bde bar brjod pa blun po la bzhad pa zhes bya ba bzhugs so	6... ff concertina	ms	bo-Latn-x-EWTS	29 x 9	Ritual.	Buddhism--Rituals--Texts.
53	Sngon 'gro'i khrid dmigs mdor phal skad go bde bar brjod pa glun pos blun pol bshad ba zhes bya ba bzhugs so	12 ff folded, bound	ms	bo-Latn-x-EWTS	28 x 10	Ritual.	Buddhism--Rituals--Texts.
54	Dpal sprul rin che'i tshogs glu mgur bzhugso	4 ff	ms	bo-Latn-x-EWTS	31 x 10	Poetry--Religious aspects.	Buddhist poetry.
55	Klong chen snying gi thig las la spungs gtor bsdus pa dang dkar gsur zhing khams kun khyab dmar dsur 'dod yon rgyam tsho gson gzhin gyi bsngo ba nyi ma'i 'od zer dus mthar gdab pa'i smon lam bcas bzhugs so	25+1 ff	ms	bo-Latn-x-EWTS	33 x 10	Prayers.	Buddhism--Prayers and devotions.
56	Thugs dam rgyud bskul gsol 'debs dge legs byin rlabs 'khyil pa'i rgya mtsho zhes bya ba bzhug	2...+1 ff	xyl	bo-Latn-x-EWTS	31 x  9	Prayers.	Buddhism--Prayers and devotions.
57	Rdo rje g.yu sgron ma'i gsol 'debs mchod sman btsun ma gul rgyan bzhugs so			bo-Latn-x-EWTS	30 x 9	Prayers.	Buddhism--Prayers and devotions.
58	Klong chen snying gi thig le las/  ... [illeg.]	17... ff	xyl	bo-Latn-x-EWTS	32 x 9	Ritual.	Buddhism--Rituals--Texts.
59	Rje thams cad mkhyen pa tsong kha pa chen po blo bzang grags pa'i dpal gyi bka' 'bum kha ba'i dkar chag bzhugs so	507 ff	xyl	bo-Latn-x-EWTS	53 x 9 cm	Buddhism--Doctrines.	
60	Rje thams cad mkhyen pa tsong kha pa chen po blo bzang grags pa'i dpal gyi bka' 'bum ga ba'i dkar chag bzhugs so	[multiple]	xyl	bo-Latn-x-EWTS	53 x 9 cm	Buddhism--Doctrines.	
61	Mkhas grub thams cad mkhyen pa dge legs dpal bzang po'i gsung 'bum kha pa'i dkar chag bzhugs so	[multiple]	xyl	bo-Latn-x-EWTS	53 x 9 cm	Buddhism--Doctrines.	
62	Rje thams cad mkhyen pa tsong kha pa chen po blo bzang grags pa'i dpal gyi bka' 'bum ka ba'i dkar chag bzhugs so	260, 223 ff	xyl	bo-Latn-x-EWTS	53 x 9 cm	Buddhism--Doctrines.	
63	Rje thams cad mkhyen pa tsong kha pa chen po blo bzang grags pa'i dpal gyi bka' 'bum ca ba'i dkar chag bzhugs so	335 ff	xyl, red ink	bo-Latn-x-EWTS	72 x 23 cm	Kanjur.	
64	Mkhas grub thams cad mkhyen pa dge legs dpal bzang po'i gsung 'bum ka pa'i dkar chag bzhugs so	330 ff	xyl	bo-Latn-x-EWTS	53 x 9 cm	Buddhism--Doctrines.	
65	[Bka' rgyur volume Lu]	337 ff	xyl	bo-Latn-x-EWTS	53 x 9 cm		
66	Theg pa chen po rgyud bla ma'i TIkka bzhugs so	436 ff	xyl	bo-Latn-x-EWTS	53 x 9 cm		
67	Legs par bshad pa chos mngon rgya mtsho'i snying pa bzhugs pa'i dbu'i phyogs lags	312, 274 ff	xyl	bo-Latn-x-EWTS	53 x 9 cm		
68	Tshad ma rnam 'grel gyi tshig le'ur byas pa'i rnam bshad thar lam phyin ci ma log par gsal bar byed pa zhes bya ba bzhugs so	[multiple]	xyl	bo-Latn-x-EWTS	53 x 9 cm		
69	Mkhas grub thams cad mkhyen pa dge legs dpal bzang po'i gsung 'bum nga ba'i dkar chag bzhugs so	574 ff	xyl	bo-Latn-x-EWTS	32 x 9 cm	Tripiṭaka. Sūtrapiṭaka. Prajñāpāramitā.	Wisdom literature.
70	Rje thams cad mkhyen pa tsong kha pa chen po blo bzang grags pa'i dpal gyi bka' 'bum ga ba'i dkar chag bzhugs so	44 ff	ms	bo-Latn-x-EWTS	31 x 11	Tripiṭaka. Sūtrapiṭaka. Prajñāpāramitā.	Wisdom literature.
71	 'Phags pa shes rab kyi pha rol tu phyin pa brgyad stong pa bzhugs so	142, 13, 1	xyl	bo-Latn-x-EWTS	31 x 11	Tripiṭaka. Sūtrapiṭaka. Prajñāpāramitā.	Wisdom literature.
72	 'Phags pa shes rab kyi pha rol tu phyin pa rdo rje gcod pa zhes bya ba theg pa chen po'i mdo	37-440 ff	xyl	bo-Latn-x-EWTS	64 x 17	Tantra.	
73	Rin 'byung snar thang brgya rtsa rdor 'phreng bcas nas gsungs pa'i bris sku mthong ba don ldan bzhugs so	[multiple]	xyl	bo-Latn-x-EWTS	53 x 9 cm		
74	[ Rgyud - vol. Ja - incomplete]	[multiple]	xyl	bo-Latn-x-EWTS	53 x 9 cm		
75	Rje thams cad mkhyen pa tsong kha pa chen po blo bzang grags pa'i dpal gyi bka' 'bum da ba'i dkar chag bzhugs so	[multiple]	xyl	bo-Latn-x-EWTS	53 x 9 cm	Buddhism--Doctrines.	
76	Rje thams cad mkhyen pa tsong kha pa chen po blo bzang grags pa'i dpal gyi bka' 'bum na ba'i dkar chag bzhugs so	[multiple]	xyl	bo-Latn-x-EWTS	53 x 9 cm	Buddhism--Doctrines.	
77	Rje thams cad mkhyen pa tsong kha pa chen po blo bzang grags pa'i dpal gyi bka' 'bum tha ba'i dkar chag bzhugs so	346 ff	xyl	bo-Latn-x-EWTS	53 x 9 cm	Tripiṭaka. Sūtrapiṭaka. Prajñāpāramitā.	Wisdom literature.
78	Rje thams cad mkhyen pa tsong kha pa chen po blo bzang grags pa'i dpal gyi bka' 'bum kha ba'i dkar chag bzhugs so	190, 43, 247 ff	xyl	bo-Latn-x-EWTS	53 x 9 cm	Buddhism--Doctrines.	
79	Rnam bshad snying po rgyan bzhugs sa [sic*]	[multiple]	xyl	bo-Latn-x-EWTS	53 x 9 cm		
80	Mkhas grub thams cad mkhyen pa dge legs dpal bzang po'i gsung 'bum ja pa'i dkar chag bzhugs so	[multiple]	xyl	bo-Latn-x-EWTS	53 x 9 cm	Buddhism--Doctrines.	
81	Mkhas grub thams cad mkhyen pa dge legs dpal bzang po'i gsung 'bum nya pa'i dkar chag bzhugs so	[multiple]	xyl	bo-Latn-x-EWTS	53 x 9 cm	Buddhism--Doctrines.	
82	Byang chub sems dpa'i spyod pa la 'jug pa'i rnam bshad rgyal sras 'jug ngogs bzhugs so	[multiple]	xyl	bo-Latn-x-EWTS	53 x 9 cm	Mahayana Buddhism--Sacred books.	
83	Rje thams cad mkhyen pa tsong kha pa chen po blo bzang grags pa'i dpal gyi bka' 'bum pha ba'i dkar chag bzhugs so	[multiple]	xyl	bo-Latn-x-EWTS	53 x 9 cm	Buddhism--Doctrines.	
84	Mkhas grub thams cad mkhyen pa dge legs dpal bzang po'i gsung 'bum cha pa'i dkar chag bzhugs so	[multiple]	xyl	bo-Latn-x-EWTS	53 x 9 cm	Buddhism--Doctrines.	
85	Mkhas grub thams cad mkhyen pa chen pa'i gsung 'bum a pa'i dkar chag bzhugs [sic*]	[multiple]	xyl	bo-Latn-x-EWTS	53 x 9 cm	Buddhism--Doctrines.	
86	Rje thams cad mkhyen pa tsong kha pa chen po blo bzang grags pa'i dpal gyi bka' 'bum ba pa'i dkar chag bzhugs so			bo-Latn-x-EWTS		Buddhism--Doctrines.	
87	Mkhas grub thams cad mkhyen pa dge legs dpal bzang po'i gsung 'bum ga pa'i dkar chag bzhugs so			bo-Latn-x-EWTS		Buddhism--Doctrines.	
88	Klong chen snying gi thig le las/  bstan srung dam can rgya mtsho'i ru mtshon mnga' gsol bzhugs ?rod	3 + 2 ff	xyl	bo-Latn-x-EWTS	31 x  9	Prayers.	Buddhism--Prayers and devotions.
89	Om: Klong chen snying gi thig le las gcod yul mkhro gad byar zhes bya ba bzhugso	7 ff	ms	bo-Latn-x-EWTS	33 x 10	Ritual.	Buddhism--Rituals--Texts.
90	Um: Zhing skyong ngur khrod lha mo'i gsol mchod bzhugs so	4 ff	xyl	bo-Latn-x-EWTS	31 x 9	Prayers.	Buddhism--Prayers and devotions.
91	Um: Klong chen snying gi thig le las:  Bka' srung sman btsun mched lnga'i phrin las dpag bsam yangs 'du bzhugs	4 ff	xyl	bo-Latn-x-EWTS	31 x  9	Prayers.	Buddhism--Prayers and devotions.
92	Klong chen snying gi thig le las:  'pho ba ma bsgom rgyas bzhugs so	4 ff (incompl.)	ms	bo-Latn-x-EWTS	24 x 8	Ritual.	Buddhism--Rituals--Texts.
93	nt. DA ma ru'i bzhad pa bzhugs so	2 ff	ms	bo-Latn-x-EWTS	37 x  8	Ritual.	Buddhism--Rituals--Texts.
94	Lam rim shar sgom gnad don kun tshang bzhugs so	3 ff	xyl	bo-Latn-x-EWTS	30 x 9	Spiritual life--Buddhism.	
95	Dpal rdo rje gzhon nu phur pa 'dus pa'i dkyil 'khor mchod cing sgrub pa'i las byang chen mo rig 'dzin rgya mtsho'i zhal lung khrag 'thung rnam par rol ba'i dga' ston zhes bya ba bzhugso	55 ff	ms	bo-Latn-x-EWTS	36 x 9	Ritual.	Buddhism--Rituals--Texts.
96	nt.  	1 ff	cover		34 x 8		
97	Yid bzhin 'khor lo'i rgyun khyer 'chi med bcud spungs zhes bya ba bzhugs so	3 ff (bound taped)	xyl	bo-Latn-x-EWTS	30 x 9	Ritual.	Buddhism--Rituals--Texts.
98	Rje btsun sgrol ma'i dgung 'bod bzhugs so	5 ff (bound taped)	xyl	bo-Latn-x-EWTS	30 x 9	Ritual.	Buddhism--Rituals--Texts.
99	Snyigs ma'i rgud pa zhi ba'i gsol 'debs bzhugs so	3 ff (bound taped)	xyl	bo-Latn-x-EWTS	30 x 9	Ritual.	Buddhism--Rituals--Texts.
100	Snyigs ma'i rgud pa zhi ba'i gsol 'debs bzhugs so	3 ff (bound taped)	xyl	bo-Latn-x-EWTS	30 x 9	Ritual.	Buddhism--Rituals--Texts.
101	Zab lam bla ma mchod pa bde stong dbyer med ma dpal 'khor lo sdom pa dang 'brel ba'i rnal 'byor nyams su len tshul gyi cho ga nag 'gros su bkod pa zhar byung dang bcas pa snyan brgyud bdud rtsi'i zil thig zhes bya ba bzhugs so	56 ff	xyl	bo-Latn-x-EWTS	31 x 9	Ritual.	Buddhism--Rituals--Texts.
102	Zab lam bla ma mchod pa bde stong dbyer med ma dpal 'khor lo sdom pa dang 'brel ba'i rnal 'byor nyams su len tshul gyi cho ga nag 'gros su bkod pa zhar byung dang bcas pa snyan brgyud bdud rtsi'i zil thig zhes bya ba bzhugs so	42 ff	xyl	bo-Latn-x-EWTS	31 x 9	Ritual.	Buddhism--Rituals--Texts.
103	Zab lam dga' ldan lha brgya ma'i rnal 'byor nyams su len tshul snyan brgyud zhal shes lhug par bkod pa'i man ngag rin chen gter byi bang mdzod ces bya ba bzhugs so	44 ff	xyl	bo-Latn-x-EWTS	31 x 9	Spiritual life--Buddhism.	
104	Skyangs 'gro dang dge ba bcu nyams su len tshul mdor bsdus zhar byung dang bcas pa thar 'dod lam gsal sgron me zhes bya ba bzhugs so	47 ff	xyl	bo-Latn-x-EWTS	31 x 9	Spiritual life--Buddhism.	
105	Dben gnas stag brag ri khrod du gsung rgyun rgyal ba'i bstan srung rnams kyi gtor chog bskang gso cha lag dang bcas pa dam can dgyes ba'i sbrin phung zhes bya ba bzhugs so	117 ff	xyl	bo-Latn-x-EWTS	32 x  9	Ritual.	Buddhism--Rituals--Texts.
106	Bsangs chung yid bzhin nor bu bzhugs so	9 ff	xyl	bo-Latn-x-EWTS	26 x 9	Ritual.	Buddhism--Rituals--Texts.
107	Gong sa lnga pa'i 'jags sgrigs snang ba'i rta thugs dkar po bzhugs so	8 ff	xyl	bo-Latn-x-EWTS	26 x 9	Prayers.	Buddhism--Prayers and devotions.
108	nt. [margin] Bsangs chung	2-7 ff folded	xyl	bo-Latn-x-EWTS	27 x 8	Prayers.	Buddhism--Prayers and devotions.
109	Gong sa 'dren mchog chen por zhabs brtan du gsol ba dpag bsam ljon shing zhes bya ba bzhugs so	2 ff folded	print	bo-Latn-x-EWTS	26 x 9	Prayers.	Buddhism--Prayers and devotions.
110	Seng ge'i gdong pa can gyi mdo bzhugs so	5 ff folded	xyl 	bo-Latn-x-EWTS	28 x 8	Ritual.	Buddhism--Rituals--Texts.
111	Phag mo'i smre bshags bzhugs so	3 ff	xyl 	bo-Latn-x-EWTS	31 x 9	Ritual.	Buddhism--Rituals--Texts.
112	Dpal dus kyi 'khor lo'i bla ma lha tshogs la gsol 'debs dngos grub kun'byung dang /  shambha la'i smon la/  dus 'khor smon lam bcas bzhugs so	7 ff	xyl	bo-Latn-x-EWTS	28 x 9	Prayers.	Buddhism--Prayers and devotions.
113	Dpal dud kyi 'khor lo'i bla ma tshogs la gsol 'debs dngos grub kun 'byung dang /  shambha la'i smon la/  dus 'khor smon lam bcas bzhugs so 	10 ff	xyl	bo-Latn-x-EWTS	32 x 9	Prayers.	Buddhism--Prayers and devotions.
114	Dang po'i sangs rgyas dus kyi 'khor lo la brten pa'i zab lam bla ma'i rnal 'byor grub 'dren pa'i shing rta zhes bya ba bzhugs so	5 ff	xyl	bo-Latn-x-EWTS	31 x 9	Ritual.	Buddhism--Rituals--Texts.
115	Dang po'i sangs rgyas dus kyi 'khor lo la brten pa'i zab lam bla ma'i rnal 'byor grub 'dren pa'i shing rta zhes bya ba bzhugs so	5 ff	xyl	bo-Latn-x-EWTS	31 x 10	Ritual.	Buddhism--Rituals--Texts.
116	Gnas brtan phag mchog bzhugs so	9 ff folded	xyl	bo-Latn-x-EWTS	27 x 8	Ritual.	Buddhism--Rituals--Texts.
117	Byang chub ltung bzhags/  bzang spyod/  byams smon bcas bzhugs so	20 ff	xyl	bo-Latn-x-EWTS	26 x 9	Confession (Liturgy)	
118	Jo bo rin po che'i smonlam 'dodpa'i 'bras bu ster mdzad dang /  'dod don smon tshig drang srong shis brjod 'dod pa kun 'jo zhes bya ba bzhugs so	11 ff	xyl	bo-Latn-x-EWTS	27 x 9	Prayers.	Buddhism--Prayers and devotions.
119	Bla ma mchod pa'i cho ga la brten nas zhing dam par mkha' 'gro'i brtan bzhugs 'bul tshul lhan thabs su bkod pa bzhugs so	8 ff	xyl	bo-Latn-x-EWTS	31 x 9	Ritual.	Buddhism--Rituals--Texts.
120	Mkhas grub sangs rgyas ye shes kyis mdzad pa'i ja mchod bde chen kun bzang bzhugs so	2 ff 	xyl	bo-Latn-x-EWTS	31 x 9	Prayers.	Buddhism--Prayers and devotions.
121	Sdom gsum ldan pas nyinzhagphrugs gcig la nyams lan ji ltar bya ba'i tshul nor bu rnam par bkra ba'i mdzad rgyan	19 + 1 ff	xyl	bo-Latn-x-EWTS	26 x 8	Ritual.  	Buddhism--Rituals--Texts.  
122	nt [Dpal ldan lha mo gtor cho ga]	14 ff	xyl	bo-Latn-x-EWTS	26 x 8	Ritual.	Buddhism--Rituals--Texts.
123	Dmar gsur la rten gnas rang gzhan gyi 'chi ba bslu ba bzhugs	4 +3 ff	xyl	bo-Latn-x-EWTS	34 x 10	Ritual.	Buddhism--Rituals--Texts.
124	nt Brda' mdzod zab rgya las gsung rdo rje snang ba mtha' yas kyi bsgrub thabs bzhugs	3 + 2 + 1 ff	xyl	bo-Latn-x-EWTS	25 x 9	Ritual.	Buddhism--Rituals--Texts.
125	Kha che pha lu'i 'jig rten las 'dras rtsis lugs kyi bslabs bya ba bzhugso	28 ff folded	xyl	bo-Latn-x-EWTS	26 x 9	Prayers.	Buddhism--Prayers and devotions.
126	 'Phags yul rdo rjegdan gyi bstod pa dang 'dod smon zung du 'brel ba zla ba bdud rtsi'i lang tsho zhes bya ba bzhugs so	4 ff	xyl	bo-Latn-x-EWTS	25 x 9	Prayers.	Buddhism--Prayers and devotions.
127	 'Phags yul rdo rjegdan gyi bstod pa dang 'dod smon zung du 'brel ba zla ba bdud rtsi'i lang tsho zhes bya ba bzhugs so	4 ff	xyl	bo-Latn-x-EWTS	25 x 9	Prayers.	Buddhism--Prayers and devotions.
128	Gsung mgur shar gangs ri ma bzhugs	5 ff folded	xyl	bo-Latn-x-EWTS	27 x 8	Poetry--Religious aspects.	Buddhist poetry.
129	Gser 'od rnga sgra zhes bya ba'i gzungs bzhugs so	11 ff folded	xyl	bo-Latn-x-EWTS	27 x 8	Ritual.	Buddhism--Rituals--Texts.
130	lTung bshags/  Skyi bshags/  Gtso rgyal ma/  Bzang spyod/  Byams  sman/  Spyod 'jug/  Thog tha' ma/  Bde smon/  Ji srid ma/  Byams pa'i sku gzugs/  Bde chen lhun grub/  Bar do'i gsol 'debs/  Blo bzang rgyal bstan ma/  Rje rin po che'i bstan pa dang mjal ba'i smon lam bcas bzhugs so	8+10+5+6+9+5+5 ff	xyl	bo-Latn-x-EWTS	33 x 9	Prayers.	Buddhism--Prayers and devotions.
131	nt Rdo rje sems dpa'i gsang ba dri med las	11 ff folded	xyl	bo-Latn-x-EWTS	33 x 9	Prayers.	Buddhism--Prayers and devotions.
132	nt Rdo rje sems dpa'i gsang ba dri med las	11 ff folded	xyl	bo-Latn-x-EWTS	33 x 9	Prayers.	Buddhism--Prayers and devotions.
133	Bden tshig 'grubpa'i Pra Ne d+ha rnam mkhyan ?srong? 'jug ces bya ba bzhugs	3 ff	xyl	bo-Latn-x-EWTS	35 x 10	Spiritual life--Buddhism.	
134	Sprul sku Karma gling pa'i gter byon badzra gu ru'i phan yon dang 'bru 'grel bzhugs so	10 ff	xyl	bo-Latn-x-EWTS	27 x 10	Spiritual life--Buddhism.	
135	Rgyal ba'i sras kyi lag len sum cu so bdun ma bzhugs so	7 ff	xyl	bo-Latn-x-EWTS	36 x 10	Prayers.	Buddhism--Prayers and devotions.
136	Nyams mgur mi rtag dran gso chos kyi bskul ma zhes bya ba bzhugs so	9 ff	xyl	bo-Latn-x-EWTS	32 x 9	Prayers.	Buddhism--Prayers and devotions.
137	Bsangs chung yid bzhin nor bu bzhugs so	9 ff	xyl	bo-Latn-x-EWTS	26 x 9	Ritual.	Buddhism--Rituals--Texts.
138	nt margin: Chos spyod	incompl ff 52-4,109-112,119-123,150-180	xyl	bo-Latn-x-EWTS	36 x 9	Prayers.	Buddhism--Prayers and devotions.
139	Mkha' 'gro 'gro  ba bzang mo'i gsung sab rnam thar bzhugs so	incompl ff 1,3,7-8,10,36,38,64-5	xyl	bo-Latn-x-EWTS	32 x 9	Religious biography.	Spiritual biography.
140	Drang srong gi bu mo bram ze gzugs kyi ny ma'i rnam thar bzhugs so	incompl ff 1-55,83-140	xyl	bo-Latn-x-EWTS	26 x 10	Religious biography.	Spiritual biography.
141	Chos kyi rgyal po dri med kun ldan gyi mdzad tshul rgyas pa mu tig phreng ba bzhugs so	incompl ff 1-3,20-50	xyl	bo-Latn-x-EWTS	33 x  10	Religious biography.	Spiritual biography.
142	Sku rim rnams gsums? yongs rdzogs bzhugs soha	20 ff folded	ms	bo-Latn-x-EWTS	35 x 14	Prayers.	Buddhism--Prayers and devotions.
143	nt Rgyal mchog bcu drug pa chen por mos gus kyis gsol 'debs pa yon tan rdzogs su dran pa'i lhan glu zhes bya ba bzhugs so	3 ff	xyl	bo-Latn-x-EWTS	32 x 9	Prayers.	Buddhism--Prayers and devotions.
144	Sku gsum thugs kyis rten bzhugs so	incompl ff 1	xyl	bo-Latn-x-EWTS	30 x 9	instruction	instruction
145	Mdo bcu dang dmon pa bdun mi brjed pa'i tho	1 ff	ms	bo-Latn-x-EWTS	18 x 16	instruction	instruction
146	nt Chos skye....	3 ff	ms	bo-Latn-x-EWTS	21 x 7	Prayers.	Buddhism--Prayers and devotions.
147	nt Skyabs gnas kun 'dus orgyan mkha' 'gro'i tshogs	1 ff	ms	bo-Latn-x-EWTS	31 x 8	Prayers.	Buddhism--Prayers and devotions.
148	nt Zla ba bcu gnyis pa klu rnams zang zing nor srung ba'i thebs/		ms	bo-Latn-x-EWTS	26 x 8 	Astrology, Tibetan.	Buddhist astrology.
149	nt Sangs rgyas chos dang nas phan phyir 'grub shog bar len gsum rjod/	2 ff	ms	bo-Latn-x-EWTS	27 x 9	Ritual.	Buddhism--Rituals--Texts.
150	Sde brgyad gser skyems bzhugs so	8 ff	ms + xyl	bo-Latn-x-EWTS	27 x 9	Ritual.	Buddhism--Rituals--Texts.
151	nt Na mo gu ru...	1 ff	ms	bo-Latn-x-EWTS	24 x 8	Prayers.	Buddhism--Prayers and devotions.
152	nt 'di mchod lha lnga'i bskang ba ni/	2 ff	ms	bo-Latn-x-EWTS	23 x 7	Prayers.	Buddhism--Prayers and devotions.
153	nt Zhag gsum tshe 'das phyir mi ldog pa'i...	3 ff	ms	bo-Latn-x-EWTS	22 x 8	Prayers.	Buddhism--Prayers and devotions.
154	nt Na mo sangs rgyas kyi bka' bdon pa dang /	1 ff	ms	bo-Latn-x-EWTS	28 x 8	Ritual.	Buddhism--Rituals--Texts.
155	nt Tshogs bsags/  Ho bla ma rig 'dzin lha tshogs la/	10 ff	ms	bo-Latn-x-EWTS	28 x 7	Ritual.	Buddhism--Rituals--Texts.
156	nt Khams gsum bla ma srid gsum 'dren pa'i mchog	2 ff	ms	bo-Latn-x-EWTS	27 x 8	Prayers.	Buddhism--Prayers and devotions.
157	nt Dam pa sangs rgyas kyi zhal gsum bla ma ?? kun dag la gsungso/	5 ff	ms	bo-Latn-x-EWTS	26 x 8 	Prayers.	Buddhism--Prayers and devotions.
158	nt 'Dog dam tshogs bsdus pa 'di/	2 ff	ms	bo-Latn-x-EWTS	29 x 8	Prayers.	Buddhism--Prayers and devotions.
159	Tshogs mchod byin brlabs 'char 'debs bzhugs so	3 ff	ms	bo-Latn-x-EWTS	29 x 8	Ritual.	Buddhism--Rituals--Texts.
160	nt SuMtata/  Dha zlanggo : OM ma Ni pad+me huM hrI	36 ff	xyl	bo-Latn-x-EWTS	27 x  8	Ritual.	Buddhism--Rituals--Texts.
161	Bskor ba bya ba'i... ni	1 ff	ms	bo-Latn-x-EWTS	24 x 9	Ritual.	Buddhism--Rituals--Texts.
162	nt Sgyangs zhing las ngan zad pa	30 ff	ms	bo-Latn-x-EWTS	29 x 8	Ritual.	Buddhism--Rituals--Texts.
163	nt Na mo Arya tA ra ye	1 ff	ms	bo-Latn-x-EWTS	25 x 7	Prayers.	Buddhism--Prayers and devotions.
164	nt HuM : huM : 'dod yon zab mo tshogs kyi longs spyod ni 	1 ff	ms	bo-Latn-x-EWTS	31 x 9	Ritual.	Buddhism--Rituals--Texts.
165	nt OM swas+ti	1 ff	print	bo-Latn-x-EWTS	29 x 8	Prayers.	Buddhism--Prayers and devotions.
166	nt Zhal zas tshogs kyichod pa 'di	1 ff	ms	bo-Latn-x-EWTS	31 x 7	Prayers.	Buddhism--Prayers and devotions.
167	Rgyal sras lag len so bdun ma'i blo rgyud gsol 'debs byin rlabs pdung zhu bzhugs so	3 ff	xyl	bo-Latn-x-EWTS	36 x 10	Prayers.	Buddhism--Prayers and devotions.
168	Byang chub lam gyi rim pa'i dmar khrid thams cad mkhyen par 'grod pa'i bde lam gyi lhan thabs nag bgros su bkod pa bzhugso	37 ff	xyl	bo-Latn-x-EWTS	30 x 9	Ritual.	Buddhism--Rituals--Texts.
169	Rten 'brel smon lam du spyod pa bzhugs so	8 ff	xyl	bo-Latn-x-EWTS	27 x 9	Prayers.	Buddhism--Prayers and devotions.
170	 'Phags pa de bzhin gshegs pa'i gtsug tor nas byung ba'i gdugs dkar po can zhes ba bzhugso	29 ff	xyl	bo-Latn-x-EWTS	29 x 9	Prayers.	Buddhism--Prayers and devotions.
171	Dbu ma la 'jug pa bzhugs so	93 ff (incompl?)	xyl	bo-Latn-x-EWTS	20 x 7	philosophy	philosophy
172	Stag gzig nor 'gyed zhugso	44 ff (incompl)	ms	bo-Latn-x-EWTS	25 x 9	Ritual.	Buddhism--Rituals--Texts.
173	Bder gshegs mched bdun gyi mchod pa'i chog sgrigs yid bzhin dbang rgyal zhes bya ba bzhugs	95 ff (incompl)	xyl	bo-Latn-x-EWTS	27 x 9	Prayers.	Buddhism--Prayers and devotions.
174	Dam pa'i zhal las bong ba'i kun slob bcos tshul gyi dmigs rim bla ma'i dgongs rgyan legs tshogs 'byung gnas zhes bya ba bzhugs so	46 ff (incompl)	xyl	bo-Latn-x-EWTS	32 x 9	Rnying-ma-pa (Sect)--Doctrines.	Buddhism--Doctrines.
175	Khri chen gung thang rin po ches mdzad pa'i klu bsang gtong tshul mdor bsdus bzhugs so	10 ff	xyl	bo-Latn-x-EWTS	27 x 8	Ritual.	Buddhism--Rituals--Texts.
176	nt OM swa ste/  Sangs rgyas chos dang tshogs rnams la/	4 ff (folded)	ms	bo-Latn-x-EWTS	27 x 10	Prayers.	Buddhism--Prayers and devotions.
177	Srid zhi'i gtsug nor gongs sa skyabs dgon rgyal dbang thams cad mkhyen gzigs chen po mchog bstan 'gro'i mgon du zhab zung brtan cing /   rlabs chen bzhed lhun 'grub ched mchog gsum rgya mtsho'i thugs rje bskul ba'i gsol 'debs 'chi med grub pa'i dbyangs snyan zhes bya ba bzhugso	4 ff (folded)	print	bo-Latn-x-EWTS	27 x 10	Prayers.	Buddhism--Prayers and devotions.
178	nt HUM chos sku skyed med kun tu zang	1 ff	ms	bo-Latn-x-EWTS	31 x  10	Prayers.	Buddhism--Prayers and devotions.
179	nt OM bcon ldan 'das zhi khro rab 'byams kyi tshogs la phyag tshal lo	2 ff	ms	bo-Latn-x-EWTS	32 x 8	Prayers.	Buddhism--Prayers and devotions.
180	Bstan pa'i gsal byed rgya khams rje drung mchog sprul rin po che'i zhabs brtan gsol 'debs rdzogs ldan sprin gyi sgra dbyangs zhes bya ba bzhugs so	4 ff	xyl	bo-Latn-x-EWTS	31 x 9	Prayers.	Buddhism--Prayers and devotions.
181	nt Smon pa'i rgyas 'debs drang srong bden tshig dge	1 ff	xyl	bo-Latn-x-EWTS	28 x 8	Prayers.	Buddhism--Prayers and devotions.
182	Myur byon gsol 'debsbden tshig grub pa'i smon lam zhes bya ba bzhugs so	2 ff folded	print	bo-Latn-x-EWTS	25 x 9	Prayers.	Buddhism--Prayers and devotions.
183	Skyabs gcig 'khor lo'i mgon po 'Jam byangs chos kyi blo gros kyi yang sprul myur 'byon gsol smon thugs rje 'dren pa'i lcags kyu zhes bya ba bzhugs so	2 ff folded	print	bo-Latn-x-EWTS	25 x 9	Prayers.	Buddhism--Prayers and devotions.
184	 'Jam mgon mkhyen brtse rdo rje 'chang chen po'i mchog sprul myur 'byon gsol 'debs bzhugs so	2 ff folded	print	bo-Latn-x-EWTS	25 x 9	Prayers.	Buddhism--Prayers and devotions.
185	Myur byon gsol 'debs bkra shis dbyangs snyan zhes bya ba bzhugs so	2 ff folded	print	bo-Latn-x-EWTS	25 x 9	Prayers.	Buddhism--Prayers and devotions.
186	HUM hrIH rang byung lhun grub b+han+d+ha'i snod nang du	2 ff folded	ms	bo-Latn-x-EWTS	32 x  9	Prayers.	Buddhism--Prayers and devotions.
187	[diagram with mantras]	1 ff	xyl		31 x 37	Mantras. 	
188	[diagram with pinholes]	1 ff	xyl		14 x 9	Patterns.	
189	nt ...chags pa'i srog chags ni:	1 ff	xyl	bo-Latn-x-EWTS	30 x 10	Prayers.	Buddhism--Prayers and devotions.
190	nt Guru rng+nyA sid+d+hi hUM	1 ff	xyl	bo-Latn-x-EWTS	35 x  9	Prayers.	Buddhism--Prayers and devotions.
191	Bya sprel gyi gtam brgyud bzhugs so	32 ff	xyl	bo-Latn-x-EWTS	33 x  9	Rnying-ma-pa (Sect)--Doctrines.	Buddhism--Doctrines.
192	nt Zhu ba las...	2 ff 	ms	bo-Latn-x-EWTS	25 x 8	Ritual.	Buddhism--Rituals--Texts.
193	nt Mar me'i smon lam mtha' yas don ldan ma bzhugs	2 ff 	ms	bo-Latn-x-EWTS	29 x  9	Prayers.	Buddhism--Prayers and devotions.
194	nt ...la phyag 'tshalo/	[unn] 38ff folded, bound	ms	bo-Latn-x-EWTS	27 x 8	Ritual.	Buddhism--Rituals--Texts.
195	Bde chen zhing bkod kyi mdo bsdud pa theg pa chen po zhes bya ba bzhugs so	5 ff	xyl	bo-Latn-x-EWTS	33 x 9	Prayers.	Buddhism--Prayers and devotions.
196	nt Mi kha mang po rgya la gzugs	2-9 ff	xyl	bo-Latn-x-EWTS	26 x 10	Prayers.	Buddhism--Prayers and devotions.
197	nt Mig gi le'u dang po'o	3-26 ff	xyl	bo-Latn-x-EWTS	27 x 8	Prayers.	Buddhism--Prayers and devotions.
198	nt Mchod pa'i ma dag nyes kun bsangs	2-9 ff	xyl	bo-Latn-x-EWTS	28 x 9	Ritual.	Buddhism--Rituals--Texts.
199	nt ...yang khor bcad:	2-3 ff	ms	bo-Latn-x-EWTS	33 x 9	Prayers.	Buddhism--Prayers and devotions.
200	nt  ?? ba dang po chos la bya...	9 ff	ms	bo-Latn-x-EWTS	23 x 9	Rnying-ma-pa (Sect)--Doctrines.	Buddhism--Doctrines.
201	Thugs dam nang gi gter ma'i rim pa bzhugs so	7 ff	ms	bo-Latn-x-EWTS	28 x 7	Ritual.	Buddhism--Rituals--Texts.
202	Bdud rtsi snying po yan lag brgyad pa gsang ba man ngag gi rgyud las phyi ma phrin las myi rgyud ces bya ba bzhugs so	77 ff	ms	bo-Latn-x-EWTS	26 x 8	Spiritual life--Buddhism.	
203	Byang gling g.yul las rgyal ba'i rtog brjod zhes bya ba bzhugso 	90 ff	ms	bo-Latn-x-EWTS	30 x 8	Religious biography.	Spiritual biography.
204	Chos rje gtsang pa rgya ras kyi mdzad pa'i dge sbyor pa'i smon lam bzhugs so	8 ff	xyl	bo-Latn-x-EWTS	51 x 10	Prayers.	Buddhism--Prayers and devotions.
205	Orgyan rig 'dzin gi mdzad pa'i than rig brtag thabs gto thig bcas pa ?? gling pas mdzadpa bzhugs pa'i dbu'o	4 ff	ms	bo-Latn-x-EWTS	26 x 7	Religious biography.	Spiritual biography.
206	Dpal sprul rin chen mkhas pa'i tshogs glu mgur la bzhugs so/  sarba mangga lam	5 + 1 ff	ms	bo-Latn-x-EWTS	24 x 8	Poetry--Religious aspects.	Buddhist poetry.
207	Nang gi sregs blug sgrib gnyis thal 'byin zhes bya ba bzhugso	6 ff	ms	bo-Latn-x-EWTS	25 x 9	Ritual.	Buddhism--Rituals--Texts.
208	Sri mchog stobs che ma hA b+h la bzhugs so	6 ff	ms	bo-Latn-x-EWTS	25 x 9	Ritual.	Buddhism--Rituals--Texts.
209	Zhing skyong dur khrod lha mo'i sgrub thabs 'phrin las 'dod 'jo bzhugs so	18 ff	ms	bo-Latn-x-EWTS	25 x 9	Ritual.	Buddhism--Rituals--Texts.
210	Rkong rtses 'phrul gyis mdzad pa'i mi glud gnyis brjes gyi lto mchog ces bya ba bzhugs so	18 ff	ms	bo-Latn-x-EWTS	25 x 9	Ritual.	Buddhism--Rituals--Texts.
211	nt Skyabs 'gro ba sems bskyed pa ni	2 ff	ms	bo-Latn-x-EWTS	33 x  7 	Ritual.	Buddhism--Rituals--Texts.
212	nt Shri badzra ki la ya ku ma ra la na mo	2 ff	ms	bo-Latn-x-EWTS	34 x 7	Ritual.	Buddhism--Rituals--Texts.
213	nt Rjes chog 'don 'grig ni	2 ff	ms	bo-Latn-x-EWTS	34 x 7	Ritual.	Buddhism--Rituals--Texts.
214	11 short mss [protectors?]	30 ff total	ms	bo-Latn-x-EWTS	35 x 8	Ritual.	Buddhism--Rituals--Texts.
215	Bla ma tshe dpag med pa'i rnal 'byor tshe dbang dngos grub dpal ster ces bya ba bzhugso	6 ff	ms	bo-Latn-x-EWTS	30 x 9	Ritual.	Buddhism--Rituals--Texts.
216	Dpal ye shes kyi mgon po'i bsnyen pa'i tshe dogs pa'i gegs non bzhugso	4 ff	ms	bo-Latn-x-EWTS	28 x 8	Ritual.	Buddhism--Rituals--Texts.
217	14 short mss [protectors?]	22 ff total	ms	bo-Latn-x-EWTS	35 x 8	Ritual.	Buddhism--Rituals--Texts.
218	Dge bsnyen rdo rje dgra 'dul gyi cho ga dgra las rgyal ba bzhugs so	4 ff	ms	bo-Latn-x-EWTS	28 x 7	Ritual.	Buddhism--Rituals--Texts.
219	2 short mss [protectors?]	9 ff	ms	bo-Latn-x-EWTS	28 x 8	Ritual.	Buddhism--Rituals--Texts.
220	Bla ma dgongs 'dus pa las: bzlas brjod nus pa stobs 'byin zhes bya ba khol du byung ba bzhugs so	5 ff 	ms	bo-Latn-x-EWTS	26 x 7	Ritual.	Buddhism--Rituals--Texts.
221	nt Brda' mdzod zab rgya las gsung rdo rje snang ba mtha' yas kyi bsgrub thabs bzhugs:	3 ff [incompl]	xyl	bo-Latn-x-EWTS	27 x 7	Ritual.	Buddhism--Rituals--Texts.
222	 'Dir dgongs gter kyi klong gsal gyi zur rgyan du zhes chos nyid nas zur du bsgrig pa'i sman lha'i cho ga baidurya'i chu rgyun zhes bya ba bzhugso	4 ff +1 insert	ms	bo-Latn-x-EWTS	31 x 7	Ritual.	Buddhism--Rituals--Texts.
223	nt Tadya thA...	1 f	ms	bo-Latn-x-EWTS	26 x 7	Mantras, Buddhist	
224	nt Lus sbyin la 'jug pa'i thogs mtha'i zur brgyan bzhugso	1 f	ms	bo-Latn-x-EWTS	26 x 7	Prayers.	Buddhism--Prayers and devotions.
225	nt Mkhas pa zang gling pa'i zhal gdams gsang ba gtang rtul brgyud gzhugs lag len dmar khrid zhal gsal zhes bya ba bzhugso	9 ff	ms	bo-Latn-x-EWTS	32 x 7	Ritual.	Buddhism--Rituals--Texts.
226	Gnam chos sa snying sgrub thabs kyi mdun bskyed sa bdag 'khrung bcos bzhugs so	15 ff 	ms	bo-Latn-x-EWTS	32 x  7	Ritual.	Buddhism--Rituals--Texts.
227	nt Sa bdag dbang chen 'khrug bcos rnams kyi sgo bye gser skyems ni	4 ff 	ms	bo-Latn-x-EWTS	32 x 7	Ritual.	Buddhism--Rituals--Texts.
228	Rigs 'dzin srog sgrubs las ri bo bsangs mchos bzhugs so: dge legs 'phel	8 ff	ms	bo-Latn-x-EWTS	33 x  8	Ritual.	Buddhism--Rituals--Texts.
229	A ma'i drin len zabs mdo bzhugs so	5 ff	ms	bo-Latn-x-EWTS	35 x 8	Prayers.	Buddhism--Prayers and devotions.
230	nt Ma mo'i 'khrugs skong	1 ff	ms	bo-Latn-x-EWTS	34 x 70	Ritual.	Buddhism--Rituals--Texts.
231	nt Gtor snod b+hardza yangs shing rgya che ba'i nang du	3 ff	ms	bo-Latn-x-EWTS	31 x 7	Ritual.	Buddhism--Rituals--Texts.
232	Thugs rje chen po gsang ba 'dus pa la: lhan skyes bu chen po'i mngon rtogs las byang bzhugs soha:  dge'o:	6 ff	ms	bo-Latn-x-EWTS	30 x 7	Ritual.	Buddhism--Rituals--Texts.
233	Bde chen zhing bsgrub kyis bka' srung zhing skyong yab yum gyi gsol mchod 'grigs chags su bris pa yog lags	5 ff 	ms	bo-Latn-x-EWTS	33 x 8	Ritual.	Buddhism--Rituals--Texts.
234	nt Gu ru drag po mthing nag gi gter srung gzhol kha...	2 ff [incompl]	ms	bo-Latn-x-EWTS	32 x 7	Prayers.	Buddhism--Prayers and devotions.
235	Lha mo dpal chen mo'i g.yang skyabs 'dod dgu'i char 'beb zhes bya ba bzhugs so/ dge legs 'phel	16 ff	ms	bo-Latn-x-EWTS	35 x 8	Prayers.	Buddhism--Prayers and devotions.
236	Thun mong rten 'brel bsgrigs byed pa'i/ lha rnams mnyes byed bsangs yig bzhugs	28 ff	ms	bo-Latn-x-EWTS	35 x 9	Ritual.	Buddhism--Rituals--Texts.
237	nt OM Ye shes sku mchog rang bzhin dkyir 'khor 'jir:	4 ff	ms	bo-Latn-x-EWTS	33 x 9	Prayers.	Buddhism--Prayers and devotions.
238	Kha che pha lu'i 'jig rten las 'bras rtsi lugs kyi bslab bya bzhugs so	29 ff folded	xyl	bo-Latn-x-EWTS	27 x 9	Prayers.	Buddhism--Prayers and devotions.
239	nt Na mo gu ru Ar+ya lo ke sh+ba rA ya/	51 ff	xyl	bo-Latn-x-EWTS	34 x 10	Ritual.	Buddhism--Rituals--Texts.
240	Dge slong ma dpal mo'i lugs kyi thugs rje chen po zhal bcu gcig pa'i sgrub thabs smyung gnas dang bcas pa'i cho ga sdig sgrib rnam sbyong zhes bya ba bzhugs so	46 ff	xyl	bo-Latn-x-EWTS	33 x 9	Ritual.	Buddhism--Rituals--Texts.
241	 'Phags pa spyan ras gzigs kyi sgo nas mig gi nyes skyon sel ba'i gdams ba zug rngu tsha gdung sel ba'i zla zer zhes bya ba bzhugso	4 ff	xyl	bo-Latn-x-EWTS	25 x 9	Prayers.	Buddhism--Prayers and devotions.
242	Rgya nag ri bo rtse lnga ru dge slong bsod nams rin chen la spyan ras gzigs kyis gsungs pa bzhugs so	8 ff	xyl	bo-Latn-x-EWTS	27 x 9	Ritual.	Buddhism--Rituals--Texts.
243	Rgya nag ri bo rtse lnga ru dge slong bsod nams rin chen la spyan ras gzigs kyis gsungs pa bzhugs so	4 ff	xyl	bo-Latn-x-EWTS	27 x 10	Ritual.	Buddhism--Rituals--Texts.
244	Rgya nag ri bo rtse lnga ru dge slong bsod nams rin chen la spyan ras gzigs kyis gsungs pa bzhugs so	8 ff	xyl	bo-Latn-x-EWTS	32 x 10	Ritual.	Buddhism--Rituals--Texts.
245	SuM Ta Ta d+ha zla nggoM: oM ma Ni pad+me hUM hrI: thugs rje chen po pad+ma dri med dkar po las mna' sdig bshags pa ngan song kun 'joms zhes bya ba bzhugs so:	22 ff	xyl	bo-Latn-x-EWTS	35 x 10	Ritual.	Buddhism--Rituals--Texts.
246	Skyabs thugs rje maNi bsod nams mthar bzhes bya ba bzhugs s+ho// oM ma Ni pad+me hUM: hrI:	8 ff	ms	bo-Latn-x-EWTS	32 x 9	Ritual.	Buddhism--Rituals--Texts.
247	Mna' sdig bshags pa zhi khro shin tu rgyas bzhugs so//  dge'o//	18 ff	ms	bo-Latn-x-EWTS	33 x 9	Ritual.	Buddhism--Rituals--Texts.
248	Thugs rje chen po bde gshegs kun 'duskyi sgrub thabs cho ga khrigs zab lam gsal ba'i nyin byed ces bya ba bzhugs so/	35 ff	ms	bo-Latn-x-EWTS	35 x 10	Ritual.	Buddhism--Rituals--Texts.
249	Thugs rje chen po'i ngan song rang grol las shin don thugs lcags sgyug bzhug s+ho	26 ff	ms	bo-Latn-x-EWTS	32 x 8	Ritual.	Buddhism--Rituals--Texts.
250	Thugs rjes chen po'i sbyin sregs mchog gdang bcas pa'i karma gling pa'i sbyar ba bzhugs s+ho	19 ff	ms	bo-Latn-x-EWTS	32 x 8	Ritual.	Buddhism--Rituals--Texts.
251	Thugs rje chen po ngan song rang grol las/ zas sngos bzhugs so/	4 ff	ms	bo-Latn-x-EWTS	34 x 9	Ritual.	Buddhism--Rituals--Texts.
252	Dgongs gter sgrol ma'i zab tig las/  maN+Dal cho ga tshogs gnyis snying po zhes bya ba bzhugs so	6 ff	xyl	bo-Latn-x-EWTS	29 x 8	Ritual.	Buddhism--Rituals--Texts.
253	Dgongs gter sgrol ma'i zab tig las/  maN+Dal cho ga tshogs gnyis snying po zhes bya ba bzhugs so	6 ff	xyl	bo-Latn-x-EWTS	31 x 8	Ritual.	Buddhism--Rituals--Texts.
254	Dgongs gter sgrol ma'i zab tig las/  maN+Dal cho ga tshogs gnyis snying po zhes bya ba bzhugs so	7 ff	xyl	bo-Latn-x-EWTS	31 x 9	Ritual.	Buddhism--Rituals--Texts.
255	Bod kyi brda yi bstan bcos bye brag gsal bar byed pa legs bshad ke ta ka yi do shal zhes bya ba bzhugs so	97 ff	xyl	bo-Latn-x-EWTS	35 x 10	Spiritual life--Buddhism.	
256	Bod kyi brda yi bstan bcos bye brag gsal bar byed pa legs bshad ke ta ka yi do shal zhes bya ba bzhugs so	97 ff	xyl	bo-Latn-x-EWTS	35 x 10	Spiritual life--Buddhism.	
257	Ka/ rab byung 'chad nyan/ kha/ dkyil 'khor ...	24 ff sewn	ms	bo-Latn-x-EWTS	24 x 8	Astrology, Tibetan.	Buddhist astrology.
258	Ma Ni skar 'bum nas 'byung ba'i spyan ras gzigs smon lam bzhugso	14 ff folded	ms	bo-Latn-x-EWTS	23 x 8	Prayers.	Buddhism--Prayers and devotions.
259	Byang gling phyag rdor gtum po'i rgyun khyer ngag lon.?.ston sna tshogs rang gron kyi nyags brig la bzhugs	12 ff	ms	bo-Latn-x-EWTS	35 x 8	Spiritual life--Buddhism.	
260	 'Phags pa spyan ras gzigs kyi snying po yig ge drug pa'i phan yon 'bru 'brel mdor bsdus bzhugs so	5 ff 	ms	bo-Latn-x-EWTS	29 x 8	Ritual.	Buddhism--Rituals--Texts.
261	Rgya gar yul gyi ?? rgyal po dal sras 'jig rten dbang phyug bya ba des gshin rje chos kyi rgyal po la zhu lan las jo bo thugs rje chen po'i dar lcogs gi phan yon zhus don mdor bsdus bzhugs so 	15 ff folded	xyl	bo-Latn-x-EWTS	28 x 9	Spiritual life--Buddhism.	
262	Thugs rje chen po'i zhal lugs ..???... 	68 ff 	xyl	bo-Latn-x-EWTS	28 x 9	Ritual.	Buddhism--Rituals--Texts.
263	Bla rgyud ni	3 ff	ms	bo-Latn-x-EWTS	33 x 8	Prayers.	Buddhism--Prayers and devotions.
264	Bsngo ba thugs rjes lcags kyu'i 'dren thabs zhes bya ba bzhug s+ho	11 ff	ms	bo-Latn-x-EWTS	32 x 10	Prayers.	Buddhism--Prayers and devotions.
265	nt Dam can spyi'i rtsa sngags kyi 'jug tu rjes 'brang 'jug spro na/	2 ff	ms	bo-Latn-x-EWTS	34 x 9	Prayers.	Buddhism--Prayers and devotions.
266	Lam spyod bzhugs so	3 ff	ms	bo-Latn-x-EWTS	34 x 9	Ritual.	Buddhism--Rituals--Texts.
267	Bum bskyed dang khrus gsol mdor bsdus bzhugs so	10 ff	ms	bo-Latn-x-EWTS	34 x 10	Ritual.	Buddhism--Rituals--Texts.
268	Rten bsdus thams cad kyi tog gi rgyal po'i dkar chag phan bde'i 'dzin shis zhes bya ba bzhugs so	20 ff	ms	bo-Latn-x-EWTS	25 x 9	Spiritual life--Buddhism.	
269	Rgyal chen rtse'i gzhi bdag gtor 'bul bzhugs s+ho	4 ff	ms	bo-Latn-x-EWTS	26 x 9	Prayers.	Buddhism--Prayers and devotions.
270	Zhabs brtan gsol 'debs 'chi med grub pa'i bden tshig ces bya ba bzhugs so	2 ff	xyl	bo-Latn-x-EWTS	31 x 9	Buddhism--Prayers and devotions.	Buddhism--Prayers and devotions. 
271	Zab lam bde gshegs kun 'dus kyi khrid yig zin ris su byas pa sgom don gsal ba'i me long las/ sngon 'gro'i khrid yig bzhugs so	39 ff	xyl	bo-Latn-x-EWTS	35 x 10	Spiritual life--Buddhism.	
272	Bde gshegs kun 'dus sku gsum thugs thig gi sngon 'gro bzhugs so	9 + 4 ff	xyl	bo-Latn-x-EWTS	36 x 10	Ritual.	Buddhism--Rituals--Texts.
273	Rdzogs chen che chos bla yi man ngag bcud: thugs thig bskor bzhi'i gter srung mchod sprin bzhugs so	4 ff	xyl	bo-Latn-x-EWTS	35 x 10	Prayers.	Buddhism--Prayers and devotions.
274	Rdo rje gling pa'i gter byon rtsa gsum spyi'i bskong bsdus bzhugs so	4 ff	xyl	bo-Latn-x-EWTS	36 x 10	Prayers.	Buddhism--Prayers and devotions.
275	Mkha' 'gro'i gtor 'bul bzhugs so	3 ff	xyl	bo-Latn-x-EWTS	37 x 9	Ritual.	Buddhism--Rituals--Texts.
276	Bla ma mchod pa'i cho ga zhes bya ba bzhugso	21 ff folded, sewn	ms	bo-Latn-x-EWTS	26 x 11	Prayers.	Buddhism--Prayers and devotions.
277	Rje btsun rdo rje rnal 'byor ma'i zhi ba'i sbyin sreg man ngag bdud rtsi'i yang snying zhes bya ba bzhugs so	11 ff	ms	bo-Latn-x-EWTS	35 x 10	Ritual.	Buddhism--Rituals--Texts.
278	Chog kyong 'bar ba spun bdun gyis sangs chod zhugso	6 ff	ms	bo-Latn-x-EWTS	26 x 7	Ritual.	Buddhism--Rituals--Texts.
279	nt 1v OM hri: Sh+Ti wi kyi tA na na hUM phaT	21 ff folded, sewn	ms	bo-Latn-x-EWTS	29 x 10	Ritual.	Buddhism--Rituals--Texts.
280	Der nye bar go ba bshags pa'i rim rnams bzhugs s+ho	8 ff	ms	bo-Latn-x-EWTS	32 x 8	Confession.	Buddhism--Prayers and devotions.
281	nt Gsol 'debs byin rlabs char 'bebs zhes bya ba bzhugs so	1 ff	xyl	bo-Latn-x-EWTS	31 x 9	Prayers.	Buddhism--Prayers and devotions.
282	Mkha' spyod bgrod pa'i man ngag thun mong ma yin pa'i zhal shes chig brgyud ma bzhugs so	4 ff	xyl	bo-Latn-x-EWTS	30 x 8	Rnying-ma-pa (Sect)--Doctrines.	Buddhism--Doctrines.
283	Dpal 'bar ma ning gi gsol kha rig pa'i rang rtsal zhes bya ba bzhugs so	4 ff	ms	bo-Latn-x-EWTS	35 x 10	Ritual.	Buddhism--Rituals--Texts.
284	Gong sa skyabs bka' drin zla med bcu gsum pa chen po'i gsung las lha chos dge ba bcu dang mi chos gtsang ma bcu drug gi nyams len bslab bya'i rim pa zur du phyung ba bzhugs so	7 ff	xyl	bo-Latn-x-EWTS	27 x 9	Rnying-ma-pa (Sect)--Doctrines.	Buddhism--Doctrines.
285	Sbyor chos skal bzang mgrin rgyan gyi zab khrid man ngag bla ma'i zhal lung dge legs char 'bebs zhes bya ba bzhugs so	94 ff	xyl	bo-Latn-x-EWTS	32 x 9	Spiritual life--Buddhism.	
286	Chab gtor 'jam dpal ma bzhugs so	20 ff	xyl	bo-Latn-x-EWTS	37 x 10	Ritual.	Buddhism--Rituals--Texts.
287	nt Bka' gsol ba cig thob dang rdo rje spun...	1 sheet [incompl]	xyl	bo-Latn-x-EWTS	41 x 30	Prayers.	Buddhism--Prayers and devotions.
288	Myur byon gsol 'debs drang srong bden tshig ces bya ba bzhugs so	5 ff	xyl	bo-Latn-x-EWTS	31 x 9	Prayers.	Buddhism--Prayers and devotions.
289	[5 illustrations]	1 ff	xyl		37 x 10	Decoration and ornament.	
290	[13 illustrations]	1 ff	xyl		35 x 10	Decoration and ornament.	
291	Rje brtsun sgrol ma dang shes br snying po bzhugs so	14 ff	ms	bo-Latn-x-EWTS	33 x 10	Rnying-ma-pa (Sect)--Doctrines.	Buddhism--Doctrines.
292	 'Phags pa tshe dang ye shes dpag tu med pa zhes bya ba theg pa chen po'i mdo bzhugs so	14 ff	xyl	bo-Latn-x-EWTS	33 x 11	Rnying-ma-pa (Sect)--Doctrines.	Buddhism--Doctrines.
293	 'Phags pa bzang po spyod pa smon lam gyi rgyal po bzhugso	12 ff	xyl	bo-Latn-x-EWTS	35 x 10	Prayers.	Buddhism--Prayers and devotions.
294	Khros ma rigs lnga'i las byang dang / gcod kyi bka' srung gi gtor bsngo bcas bzhugs so	15 ff	xyl	bo-Latn-x-EWTS	34 x 9	Ritual.	Buddhism--Rituals--Texts.
295	 'Phags pa spyan ras gzigs kyi sgo nas mig gi nyes skyon sel ba'i gdams pa zug rngu tsha gdung sel ba'i zla zer zhes bya ba bzhugso	4 ff	xyl	bo-Latn-x-EWTS	26 x 9	Prayers.	Buddhism--Prayers and devotions.
296	Gnam chos zhing sgrub smon lam bcas bzhugs so	7 ff	xyl	bo-Latn-x-EWTS	28 x 9	Prayers.	Buddhism--Prayers and devotions.
297	Gser 'od g.yangs skyab zhes bya ba bzhugs so	28 ff folded, sewn	xyl	bo-Latn-x-EWTS	27 x 8	Rnying-ma-pa (Sect)--Doctrines.	Buddhism--Doctrines.
298	Bal yul mchod rten rnams gsum dang gzhan gnas thams cad kyi gnas yig	1 sheet folded	xyl	bo-Latn-x-EWTS	60 x 26	Pilgrimage guides.	
299	Sangs rgyas kyi blung bsten nam mkha' nas 'babs pa zhugs so	12 ff	ms	bo-Latn-x-EWTS	30 x 11	Rnying-ma-pa (Sect)--Doctrines.	Buddhism--Doctrines.
300	Gcod lug phun sum tshogs pa'i me mchod bltas chog tu bkod pa bzhugso	31 ff	ms	bo-Latn-x-EWTS	35 x 11	Ritual.	Buddhism--Rituals--Texts.
301	Rta gzungs sde lnga cha tshang bzhugs so	10 ff folded	xyl	bo-Latn-x-EWTS	26 x 8	Ritual.	Buddhism--Rituals--Texts.
302	Srid zhi'i gtsug nor gong sa skyabs mgon rgyal dbang thams cad mkhyen gzigs chen po mchog bstan 'gro'i mgon du zhabs zung brtan cing / rlabs chen bzhed don lhun 'grub ched mchog gsum rgya mtsho'i rje bskul ba'i gsol 'debs 'chi med grub pa'i dbyangs snyan zhes bya ba bzhugso	4 ff	print	bo-Latn-x-EWTS	27 x 10	Prayers.	Buddhism--Prayers and devotions.
303	nt HUM chos sku skyed med kun tu zang	1 ff	ms	bo-Latn-x-EWTS	31 x 10	Prayers.	Buddhism--Prayers and devotions.
304	nt OM swa ste/ Sangs rgyas chos dang tshog kyi chog rnams la/	4 ff folded	ms	bo-Latn-x-EWTS	27 x 10	Ritual.	Buddhism--Rituals--Texts.
305	Brtan bzhugs smon tshig dam can rdo rje'i mdud brgya zhes bya ba bzhugs so	4 ff folded, stapled	print	bo-Latn-x-EWTS	26 x 10	Prayers.	Buddhism--Prayers and devotions. 
306	nt Sngon bsang bsod brjod ni mthu...	2 ff	ms	bo-Latn-x-EWTS	26 x 8	Prayers.	Buddhism--Prayers and devotions.
307	 'Phags pa nor gyi rgyan zhes bya ba khyim bdag zla ba bzang pos zhus pa bzhugso	10ff folded, sewn	xyl	bo-Latn-x-EWTS	26 x 8	Ritual.	Buddhism--Rituals--Texts.
308	Bkra shis brtsegs pa bzhugs so	25 ff folded, sewn	xyl	bo-Latn-x-EWTS	26 x 9	Prayers.	Buddhism--Prayers and devotions.
309	Byang chub lam gyi rim pa las/ skyes bu chung nga'i lam la blo sbyong tshul gyi sgom rim man ngag bdud rtsi'i chu rgyun zhes bya ba bzhugs so	155 ff	xyl	bo-Latn-x-EWTS	31 x 9	Rnying-ma-pa (Sect)--Doctrines.	Buddhism--Doctrines.
310	Skabs gsum pa/ lam rim gsol 'debs lam mchog sgo 'byed/ byin rlabsnye brgyud/ yon tan gzhi gyur/ lam rim bsdus don/ bstan 'bar ma bcas bzhugs so	27 ff	xyl	bo-Latn-x-EWTS	26 x 9	Ritual.	Buddhism--Rituals--Texts.
311	Mna' bshags rin chen phreng ba zhes bya ba bzhugs so	1+51 ff	xyl	bo-Latn-x-EWTS	27 x 9 	Prayers.	Buddhism--Prayers and devotions.
312	Snying po don gsum mdor bsdus nyams su len tshul grub chen zhal lung zhes bya ba bzhugs so	5 ff	xyl	bo-Latn-x-EWTS	26 x 9	Rnying-ma-pa (Sect)--Doctrines.	Buddhism--Doctrines.
313	nt Sa mchog dkyil 'khor mngon gyur ba'i mdal	1 ff	ms	bo-Latn-x-EWTS	32 x 8	Ritual.	Buddhism--Rituals--Texts.
314	nt Bka' rgyud bla ma rnams kyi byin rlobs	1 ff	ms	bo-Latn-x-EWTS	28 x 8	Prayers.	Buddhism--Prayers and devotions.
315	Dag snang tshig bdun bla sgrub mngos grub snying po'i 'phrin las khrigs su bsdebs pa byin brlabs 'dod 'jo zhes bya ba bzhugs so	2 ff	ms 	bo-Latn-x-EWTS	27 x 7	Ritual.	Buddhism--Rituals--Texts.
316	nt Rta glud yod/ oM A hUM:	3 ff	ms	bo-Latn-x-EWTS	29 x 8	Ritual.	Buddhism--Rituals--Texts.
317	nt HUM/ Zhe sdang tshul gyis zhe sdang 'joms pa/	2 ff	ms	bo-Latn-x-EWTS	30 x 8	Ritual.	Buddhism--Rituals--Texts.
318	nt ...bgyis dang bgyid bzhin bgyi 'gyur ma lus kun/	4 ff - pp4-7	ms	bo-Latn-x-EWTS			
319	nt Lus sbying gzhan phan bdud rtsi bzhugso	3 ff (incompl.?)	ms	bo-Latn-x-EWTS	25 x 7	Ritual.	Buddhism--Rituals--Texts.
320	Jo bo rjes dzad pa'i rigs pa'i smon lam dang sham+ba lar skye ba'i smon lam dang bcas pa bzhugs so	6 ff folded	xyl	bo-Latn-x-EWTS	26 x 8	Prayers.	Buddhism--Prayers and devotions.
321	nt Yid bzhin 'khor lo'i rgyan 'khyer 'chi med bcud spungs zhes bya ba bzhugso	1 ff	ms	bo-Latn-x-EWTS	44 x 18	Prayers.	Buddhism--Prayers and devotions.
322	nt Na mo Ar+ya tA ra ye	20 ff folded	xyl	bo-Latn-x-EWTS	26 x 8	Prayers.	Buddhism--Prayers and devotions.
323	Sgrol ma maN+Dal bzhi pa'i cho ga bya tshul mdor bsdus snying por dril ba phan bde'i ut+pal bya ba bzhugs so	1 ff (incompl.)	xyl	bo-Latn-x-EWTS	45 x 9	Ritual.	Buddhism--Rituals--Texts.
324	Sgrol ma maN+Dal bzhi ba'i cho ga dpag bsam snyem zhes bya ba bzhugs so	25 ff	xyl	bo-Latn-x-EWTS	27 x 9	Ritual.	Buddhism--Rituals--Texts.
325	Dgongs sa lnga pa chen pos 'jal sgrigs byas pa/ rta thugs dkar po bzhugs so/	8 ff	xyl	bo-Latn-x-EWTS	25 x 8	Prayers.	Buddhism--Prayers and devotions.
326	Dus 'khor la brten pa'i bla ma'i rnal 'byor bzhugs so	8 ff	xyl	bo-Latn-x-EWTS	19 x 9	Ritual.	Buddhism--Rituals--Texts.
327	G.yas mgur mi rtag dran gso chos kyi bskul ma zhes bya ba bzhugs so	14 ff	ms	bo-Latn-x-EWTS	21 x 10	Prayers.	Buddhism--Prayers and devotions.
328	Snying gtam sum pa zhes bya ba bzhugs so	7 ff	xyl	bo-Latn-x-EWTS	24 x 9	Spiritual life--Buddhism.	
329	Lnga pa 'phrod dang sbyor byed rten 'brel nyi ma spar sme tshes kyi sa bdag thogs bzlog gnas sgo drang srong yan kwong bcas kyi 'bras bu gsal bar btus pa bzhugs so	12 ff folded	xyl	bo-Latn-x-EWTS	32 x 10	Ritual.	Buddhism--Rituals--Texts.
330	 'Bras rtsis bai dkar dgongs don dri med kun phan me long bzhugs so	59 ff folded, 2 parts 30 & 29	xyl	bo-Latn-x-EWTS	33 x 10	Astrology, Tibetan.	Buddhist astrology.
331	Sdig kun mun ser zla ba'i 'od zer zhes bya ba bzhugs so	16 ff	ms	bo-Latn-x-EWTS	31 x 10	Ritual.	Buddhism--Rituals--Texts.
332	nt Tha snyad.....	1 ff	ms	bo-Latn-x-EWTS	22 x 7	Astrology, Tibetan.	Buddhist astrology.
333	nt Yid 'phrog padma'i tshal na 'dab stong dang	8 ff	ms	bo-Latn-x-EWTS	32 x 10	Prayers.	Buddhism--Prayers and devotions.
334	nt Grangs kyi mngon brjod mtha' klas kyang	2 ff	ms	bo-Latn-x-EWTS	35 x 8	Spiritual life--Buddhism.	
335	 'Phags pa klu sgrub mdzad pa'i klu rnams gyis thebs bzlog bzhugs so	6 ff	ms	bo-Latn-x-EWTS	22 x 9	Spiritual life--Buddhism.	
336	Spar kha'i 'bral shar	[8] ff folded,sewn	ms	bo-Latn-x-EWTS	31 x 9	Spiritual life--Buddhism.	
337	nt Na ma shri: ka la rtsa kra pa	8 ff folded	xyl	bo-Latn-x-EWTS	22 x 8	Rnying-ma-pa (Sect)--Doctrines.	Buddhism--Doctrines.
338	nt Gsar 'gyur 'dod yon smig rgyu'i chus bslus nas	1 ff	xyl	bo-Latn-x-EWTS	36 x 17	Astrology, Tibetan.	Buddhist astrology.
339	Bya sprel gyi gtam brgyud bzhugs so	32 ff	xyl	bo-Latn-x-EWTS	33 x 9	Folk tales.	
340	Sde dge 'jam dbyangs mkhyen brtse'i 'od zer la snyan brgyud dwangs gsal me long gu ru bde ba chen pos gsungs pa'i lung ston dus gsum gsal ston zhes bya ba bzhugs so	13 ff	ms	bo-Latn-x-EWTS	34 x 8	Prophecy.	
341	Oyan padmas mdzad pa'i bka' thang bsdus pa bzhugs so:	17 ff incompl	xyl	bo-Latn-x-EWTS	27 x 8	Gter ma.	Spiritual biography.
342	nt HrI:  Ka dag klong las rang 'byung 'char ba'i zab gter yongs kyi bdag po thig le rtsal	1 ff	ms	bo-Latn-x-EWTS	26 x 9	Prayers.	Buddhism--Prayers and devotions.
343	nt ...ting 'dzin dang nas 'di skad do	6 ff	xyl	bo-Latn-x-EWTS	26 x 8	Ritual.	Buddhism--Rituals--Texts.
344	nt Don spyi'i bskul phyis mis rnams phyogs gcig tu bsgrigs pa bzhugs	1+15 ff	ms	bo-Latn-x-EWTS	34 x 8	Ritual.	Buddhism--Rituals--Texts.
345	 'Phags pa 'jam dpal gyi mtshan yang dag par brjod pa bzhugs so	31 ff	xyl	bo-Latn-x-EWTS	27 x 9	Ritual.	Buddhism--Rituals--Texts.
346	nt OM ngo bo stong pa chos sku'i bkra shis shog:	4 ff	ms	bo-Latn-x-EWTS	34 x 7	Prayers.	Buddhism--Prayers and devotions.
347	Smon lam stobs po che'am/ kun bzang smon lam bzhugs so:	8 ff	xyl	bo-Latn-x-EWTS	30 x 8	Prayers.	Buddhism--Prayers and devotions.
348	 'Jam dbyangs mkhyen brtse'i dbang po'i smon la/ grub chen thang stong rgyal po'i smon lam/ bkra shis bcas bzhugs so	11 ff	xyl	bo-Latn-x-EWTS	33 x 9	Prayers.	Buddhism--Prayers and devotions.
349	Snga 'gyur bstan pa rgyas pa'i smon lam chos rgyal dgyes pa'i zhal lung zhes bya ba bzhugs so	7 ff	xyl	bo-Latn-x-EWTS	34 x 9	Prayers.	Buddhism--Prayers and devotions.
350	Mtshan dongyi spyi bshad nyin byed 'od snang zhes bya ba bzhugs so	[7] ff folded,sewn	ms	bo-Latn-x-EWTS	30 x 7	Rnying-ma-pa (Sect)--Doctrines.	Buddhism--Doctrines.
351	Skyabs 'gro'i lo rgyus mdor bsdus bzhugs swo	11 ff folded,sewn	xyl	bo-Latn-x-EWTS	28 x 9	Rnying-ma-pa (Sect)--Doctrines.	Buddhism--Doctrines.
352	nt Gter gsar tshe ring ma'i gtor ma 'bul ba'i 'dod gsol bzhugs	1 ff	xyl	bo-Latn-x-EWTS	32 x 9	Prayers.	Buddhism--Prayers and devotions.
353	Bla ma'i thugs sgrub bar chad kun sel gyi phrin las 'bring po bzhugs so	27 [-1] ff	xyl	bo-Latn-x-EWTS	32 x 10	Prayers.	Buddhism--Prayers and devotions.
354	Dam can spyi'i gtor ma'i cho ga nyung ngur bsdus pa bzhugs so	14 ff	xyl	bo-Latn-x-EWTS	33 x 10	Ritual.	Buddhism--Rituals--Texts.
355	Zhing khamsu dbang bdud zhing zhing so ba'i bsod nams 'di yin	12 ff concertina	ms	bo-Latn-x-EWTS	33 x 8	Ritual.	Buddhism--Rituals--Texts.
356	Smon lam yongs rdzogs chab gcig tu sgrigs pa las/  byang chub ltung bshags bzhugs so/	9 ff [incompl]	xyl	bo-Latn-x-EWTS	53 x 10	Prayers.	Buddhism--Prayers and devotions.
357	Sloon [=slob dpon] cheon [=chen po] padma 'guns [='byung gnas] kyi gsungs gsoldebs [=gsol 'debs] le'u lnga pa bzhugso :	24 ff		bo-Latn-x-EWTS	36 x 9	Prayers.	Buddhism--Prayers and devotions.
358	Bsur mchod ... [illegible]	4 ff [incompl]	ms	bo-Latn-x-EWTS	21 x 7 	Ritual.	Buddhism--Rituals--Texts.
359	nt ?Rdo rje sngags chen dpal  dge ba'i mgur bzhugs so	4 ff [incompl]	ms	bo-Latn-x-EWTS	22 x 9	Spiritual life--Buddhism.	
360	nt De yang dur? pa cung zad tsham	13 ff [incompl] folded,sewn	ms	bo-Latn-x-EWTS	22 x 8	Spiritual life--Buddhism.	
361	Bla ma rgyang 'bod bzhugs pa'i dbu phyogs lagso	5 ff	ms	bo-Latn-x-EWTS	25 x 9	Prayers.	Buddhism--Prayers and devotions.
362	Ma cig lab sgron gis byin 'debs bzhugswo	4 ff  	ms	bo-Latn-x-EWTS	32 x 9	Prayers.	Buddhism--Prayers and devotions.
363	Phyir bzlog 'khor lo 'bar ba brgyud 'debs gzhang dang bcas pa bzhugso	19 ff	xyl	bo-Latn-x-EWTS	28 x 8 	Prayers.	Buddhism--Prayers and devotions.
364	Bsam pa myur grub ma bzhugs so	6 ff [incompl]	xyl	bo-Latn-x-EWTS	35 x 10	Prayers.	Buddhism--Prayers and devotions.
365	nt [margin: Gsol 'debs]	2-4 ff [incompl]	xyl	bo-Latn-x-EWTS	32 x 9	Prayers.	Buddhism--Prayers and devotions.
366	nt [margin: Dpe bzhugs]	1 ff	xyl	bo-Latn-x-EWTS	60 x 21	alphabet	alphabet
367	nt Na mo gu ru/ 'Chi med grub pa'i slob dpon bi ma la/	1 ff	ms	bo-Latn-x-EWTS	21 x 9	Prayers.	Buddhism--Prayers and devotions.
368	Bdag sogs 'khor bcas tshe rabs thams cad du thabs mkhas thugs rje lhar bcas bston pa	10 ff concertina	ms	bo-Latn-x-EWTS	15 x 7	Prayers.	Buddhism--Prayers and devotions.
369	Oyan padma 'byung gnas la gsol 'debs le'u bdun pa las: Gsol 'debs bsam pa lhun 'grub ma bzhugs so:	[7] ff	ms	bo-Latn-x-EWTS	23 x 7	Prayers.	Buddhism--Prayers and devotions.
370	various	65 ff	ms	bo-Latn-x-EWTS	34 x 9	Ritual.	Buddhism--Rituals--Texts.
371	Skyabs 'gro sems bskyed bya/ ji ltar btams pa'i 'khrul sangs rgyas bzhugs so/	9 ff	ms	bo-Latn-x-EWTS	35 x 9	Ritual.	Buddhism--Rituals--Texts.
372	nt. OM badzra a mrI ta sogs...	3+1 ff [f.3 missing]	ms	bo-Latn-x-EWTS	35 x 9	Ritual.	Buddhism--Rituals--Texts.
373	[f.4]kyang /  snang dus nyid nas stong ste ma grub shes	f.4-10	ms	bo-Latn-x-EWTS	34 x 8	Spiritual life--Buddhism.	
374	nt. Bhyo:  dga' ba tshar gyi ... nas		ms	bo-Latn-x-EWTS	35 x 8	Prayers.	Buddhism--Prayers and devotions.
375	[f.9] zhing shug ring nar nar...	f.9-f.71	xyl	bo-Latn-x-EWTS	34 x 10	Ritual.	Buddhism--Rituals--Texts.
376	[illegible]	3 ff [f.3 missing]	xyl	bo-Latn-x-EWTS	30 x 8	Prayers.	Buddhism--Prayers and devotions.
377	various	f.54-55,72-88,27-39,12-13,130-218	xyl	bo-Latn-x-EWTS	32 x 9	Rnying-ma-pa (Sect)--Doctrines.	Buddhism--Doctrines.
378	nt. ...lhar 'khrul te	f.2	ms	bo-Latn-x-EWTS	29 x 8	Prayers.	Buddhism--Prayers and devotions.
379	nt. ...la sogs pa tshogs ngan byas pa'i mna' dang sdig sgrib 'dag par gyur cig:	f.16-31	xyl	bo-Latn-x-EWTS	26 x 8	Ritual.	Buddhism--Rituals--Texts.
380	Ma 'ong bskal pa mthar la...	30 ff. incompl. [also27,29 missing]	xyl	bo-Latn-x-EWTS	20 x 8	Rnying-ma-pa (Sect)--Doctrines. 	Buddhism--Doctrines.
381	various	25 ff	ms	bo-Latn-x-EWTS	34 x 10	Ritual.	Buddhism--Rituals--Texts.
382	nt las 'od zer 'phros 'dus don gnyis byas/	4 ff, f.2-5	xyl	bo-Latn-x-EWTS	35 x 10	Ritual.	Buddhism--Rituals--Texts.
383	nt ...gsol 'debs/ skye ba kun tu sogs/	2 ff, f.18-19	xyl	bo-Latn-x-EWTS	28 x 7	Prayers.	Buddhism--Prayers and devotions.
384	nt ...gis bskul/ /mngon shes thugs kyis de don mkhyen par gsol/	11 ff, f.8-18	xyl	bo-Latn-x-EWTS	27 x 9	Prayers.	Buddhism--Prayers and devotions.
385	nt pho mo snyoms 'jug gi dga' ba gsang ba'i tshogs/	16 ff, f.49-63, folded,sewn	ms	bo-Latn-x-EWTS	25 x 8	Spiritual life--Buddhism.	
386	Rgyal dbang mi skyod rdo rje'i thun bzhi bla ma'i rnal 'byor gyi migs rim Karma Chags med kyi mdzad pa bzhugs so	[14] ff, folded, sewn	ms	bo-Latn-x-EWTS	25 x 8	Ritual.	Buddhism--Rituals--Texts.
387	nt Skyal dang rgyal ba'i ...mdzad snad pa plus f.11v Dpal sprul zhal gdams bzhugs	[11]+[11] ff, folded-sewn	ms	bo-Latn-x-EWTS	22 x 7	Spiritual life--Buddhism.	
388	nt pa ma'i ngor yang sdig pa'i las mi byed	1 ff	ms	bo-Latn-x-EWTS	22 x 8	colophon	colophon
389	nt sgrol chog gi brgyud 'deb ni?	1 ff	ms	bo-Latn-x-EWTS	28 x 7	Prayers.	Buddhism--Prayers and devotions.
390	[illegible]	29 ff	xyl		26 x 9	Ritual.	Buddhism--Rituals--Texts.
391	myur mdzad ye shes kyi mgon  phyag drug pa'i gter chog nyer bsdus bzhugs so	3 ff	ms	bo-Latn-x-EWTS	31 x 8	Ritual.	Buddhism--Rituals--Texts.
392	Gsang thig rnying rje'i bskor las: rdo rje gzhon nu phyag rgya gcig pa'i bsgrub thab bzhugs so:	7 ff	ms	bo-Latn-x-EWTS	31 x 8	Ritual.	Buddhism--Rituals--Texts.
393	nt lhar bcas 'gro ba'i skyabs gyur rkang gnyis gtso mchog	1 f	ms	bo-Latn-x-EWTS	29 x 8 	Spiritual life--Buddhism.	
394	nt E ma ho: Nub phyogs bde ba can gyi zhing lhams su:	3 ff	ms	bo-Latn-x-EWTS	30 x 8	Spiritual life--Buddhism.	
395	nt HUM rig 'dzin sma'i? gter gnas skyong pa'i rje	1 f	ms	bo-Latn-x-EWTS	29 x 8 	Prayers.	Buddhism--Prayers and devotions.
396	nt HUM hrI: sku bzhi'i rnam rol dbyings yes 'id gdong las	2 ff	ms	bo-Latn-x-EWTS	30 x 8	Prayers.	Buddhism--Prayers and devotions.
397	nt Tshig bdun gsol 'debs dang 'brel ba'i bla ma'i rnal 'byor byin rlabs char 'bebs bzhugs so	4 ff	ms	bo-Latn-x-EWTS	30 x 8	Prayers.	Buddhism--Prayers and devotions.
398	nt Bla ma'i gsol 'debs byin rlabs gter gyi ?? brtang zhes bya ba bzhugs so	[5] ff folded,sewn	ms	bo-Latn-x-EWTS	24 x 8	Prayers.	Buddhism--Prayers and devotions.
399	nt Na mo gu ru/ spyir rtsa ba'i bla sgo	1 f	ms	bo-Latn-x-EWTS	17 x 7	Prayers.	Buddhism--Prayers and devotions.
400	nt Kye ma/ skyab gnas mtshungs med bla ma...	7 ff sewn	ms	bo-Latn-x-EWTS	18 x 8	Prayers.	Buddhism--Prayers and devotions.
401	nt ..mo lhus/ brtul na rang rgyud ngan pa brtul/	[8] ff folded, sewn	ms	bo-Latn-x-EWTS	17 x 8	Prayers.	Buddhism--Prayers and devotions.
402	nt ..pa rlo? ngur gdong ?? rgyab byung /	[8] folded,sewn	ms	bo-Latn-x-EWTS	20 x 10	Ritual.	Buddhism--Rituals--Texts.
403	Sgrol ma man ngag bzhi ba'i tshogs ga gzhugs sO/ blo bzang zos pa/	21 ff	ms	bo-Latn-x-EWTS	36 x 9	Ritual.	Buddhism--Rituals--Texts.
404	 'Phags pa dug pa rje chen po'i mngon shes kar khu zhugs	1 f	ms	bo-Latn-x-EWTS	24 x 7	Ritual.	Buddhism--Rituals--Texts.
405	c.42 miscellaneous prayers & practices		ms & xyl & print		38 x 12	mixed	mixed
406	nt Gang du skyes pa'i skye ba thams cad du/	1 f	ms	bo-Latn-x-EWTS	36 x 9	Ritual.	Buddhism--Rituals--Texts.
407	Yang ti gser 'bru thugs thig skor bzhi las sngon 'gro'i ngag 'don chu bo chig sgril thar pa'i lam skas bzhugs so	26 ff	xyl	bo-Latn-x-EWTS	35 x 10	Ritual.	Buddhism--Rituals--Texts.
408	Rje Pad 'byung bla ma'i rnal 'byor zhes bya ba bzhugs so	4+1 ff	xyl	bo-Latn-x-EWTS	34 x 9	Ritual.	Buddhism--Rituals--Texts.
409	De ther dmar po - The Red Annals	42 ff bound	xyl	bo-Latn-x-EWTS	34 x 11	Religious history.	
410	Rigs bzang gi mkha' 'gro ma snang sa 'od 'bum gyi rnam thar bzhugs so	87 ff 	xyl+ms	bo-Latn-x-EWTS	34 x 10	Religious biography.	Spiritual biography.
411	Khye'u padma 'od 'bar gyi rnam thar bzhigs so	ff.1,14,16-34,42-95,101,103,117-118end	xyl 	bo-Latn-x-EWTS	26 x 9 	Religious biography.	Spiritual biography.
412	Byang chub lam gyi rim pa'i dmar khri myur lam gyi sngon 'gro'i 'don gyi rim pa khyer bde bklag chog bskal bzang mgrin rgyan zhes bya ba bzhugs so	23ff	xyl 	bo-Latn-x-EWTS	32 x 10	Spiritual life--Buddhism.	
413	Byang chub lam gyi rim pa'i dmar khri myur lam gyi sngon 'gro'i 'don gyi rim pa khyer bde bklag chog bskal bzang mgrin rgyan zhes bya ba bzhugs so	23ff+1	xyl	bo-Latn-x-EWTS	32 x 10	Spiritual life--Buddhism.	
414	Sbyor chos skal bzang mgrin rgyan gyi zab khrid man ngag bla ma'i zhal lung dge legs char 'bebs zhes bya ba bzhugs so	1 ff [t.p. only] 	xyl	bo-Latn-x-EWTS	32 x 9	Spiritual life--Buddhism.	
415	Mi rtag dran bskul snying gi thur ma bzhugs so	6 ff [incompl]	xyl	bo-Latn-x-EWTS	34 x 100	Spiritual life--Buddhism.	
416	nt OM OM OM sawa buddha Da ki ni...	1 ff [t.p. only] 	ms	bo-Latn-x-EWTS	17 x 8	Buddhist mantras.	
417	Thub pa'i dbang po la mdzad pa bcu'i sgo nas bstod pa thabs mkhas ma dang /  legs byas yongs 'dus snye ma bcas bzhugs so	7 ff	xyl	bo-Latn-x-EWTS	32 x 9	praise	praise
418	nt Gsol 'debs bar chad lam sel bzhugs:	5 ff	xyl	bo-Latn-x-EWTS	32 x 10	Prayers.	Buddhism--Prayers and devotions.
419	Tshe ring ma'i g.yang khug bzhugs so	4 ff [incompl]	ms	bo-Latn-x-EWTS	28 x 10	Prayers.	Buddhism--Prayers and devotions.
420	Di nang zag me'i gsol kha ces bya ba bzhugs 	16+1ff	ms	bo-Latn-x-EWTS	30 x 11	Prayers.	Buddhism--Prayers and devotions.
421	Ras 'phags 'phags pa'i gnas bzhad dang mngon rtogs bcas bzhugs so	8 ff	xyl	bo-Latn-x-EWTS	28 x 11	Religious biography.	Spiritual biography.
422	nt collection of prayers	36 ff [folded, sewn]	ms		25 x 11	Prayers.	Buddhism--Prayers and devotions.
423	Snyigs ma'i dus dang de'i 'jigs pa'i brda sprod dpe don bcas gsal bar bkral ba'i bstan bcos byams dgon myur 'bod ma zhes bya ba bzhugs so	128 ff	xyl	bo-Latn-x-EWTS	30 x 8	Rnying-ma-pa (Sect)--Doctrines.	Buddhism--Doctrines.
424	Gcod kyi gdengs bshad nyung ngur bsdus pa bzhugs pa'i dbu phyogs lags so		xyl	bo-Latn-x-EWTS	41 x 9	Spiritual life--Buddhism.	
425	Dpal gyi chos grwa chen po'i ... tha tshems gling gi bsten mchog ....	17 + 2 ff	ms	bo-Latn-x-EWTS	34 x 9	Ritual.	Buddhism--Rituals--Texts.
426	Las bum dang sngags drug phyag brgya drug bzhugs so	4 ff	ms	bo-Latn-x-EWTS	34 x 10	Ritual.	Buddhism--Rituals--Texts.
427	Bla ma brgyangs 'bod/ chos drug gsol 'debs/ chos bro bcas bzhugso/	6 ff	xyl	bo-Latn-x-EWTS	34 x 9	Prayers.	Buddhism--Prayers and devotions.
428	Bla ma dgongs pa 'dus pa'i me bsur bzhugso	6 ff concertina	ms	bo-Latn-x-EWTS	25 x 9	Ritual.	Buddhism--Rituals--Texts.
429	Yul lha gser skyems jo mo dwangs long rgyal po tshor bzhugso	14 ff concertina	ms	bo-Latn-x-EWTS	23 x 9	Ritual.	Buddhism--Rituals--Texts.
430	Chos kyi rgyal po nor bu bzang po'i rnam thar phyogs bsgrigs byas thos chung yid kyi dga' ba ston zhes bya ba bzhugs so	218 ff	xyl	bo-Latn-x-EWTS	33 x 8	Religious history.	
431	Dam chos bdud kyi gcod yul gyi rtsa gsum chos srung dang bcas pa'i gtor 'bul snying po bcud ldan zhes bya ba bzhugs so	4 ff	xyl	bo-Latn-x-EWTS	45 x 10	Ritual.	Buddhism--Rituals--Texts.
432	? 'Dus 'jom sbyor? gyi zin bris ....??	46 ff sewn	ms	bo-Latn-x-EWTS	25 x 8	Ritual.	Buddhism--Rituals--Texts.
433	 'Phags ma 'od zer can zhes bya ba'i gzungs bzhugs so	5 ff folded + 1 insert	xyl + ms	bo-Latn-x-EWTS	26 x 9	Ritual.	Buddhism--Rituals--Texts.
434	Skabs gsum pa/ lam rim gsol 'debs lam mchog sgo 'byad/ bying rlabs nye brgyud/ yon tan gzhi gyur/ lam rim bsdus don/ bstan 'bar ma bcas bzhugs so	17 ff folded	xyl 	bo-Latn-x-EWTS	26 x 8	Prayers.	Buddhism--Prayers and devotions.
435	Ming don bza [brda] sgrod [sprod] rnam lnga bzhugs	15 ff	ms	bo-Latn-x-EWTS	25 x 8	Tibetan medicine.	
436	Lnga ba 'phrod dang sbyor byed rten 'brel nyi ma spar sme tshes kyi sa bdag thebs bzlog gnam sgo drang srong yan kwong bcas kyi 'bras bu gsal bar btus pa bzhugs so	12 ff	xyl	bo-Latn-x-EWTS	32 x 9	Astrology, Tibetan.	Buddhist astrology.
437	Bai dkar dgongs don gshin rtsis 'khyer bder gces par btus pa phan bde'i dpal 'byed rin chen lde'u mig ces bya ba bzhugs so	57 ff	xyl	bo-Latn-x-EWTS	32 x 9	Astrology, Tibetan.	Buddhist astrology.
438	Rgya yul du/ blang dor lung bstan gnam yig bebs pa bod skad du bsgyur ba bzhugs so	16 ff [incompl]	xyl	bo-Latn-x-EWTS	29 x 8	Prophecy.	
439	Rgya yul du/ blang dor lung bstan gnam yig bebs pa bod skad du bsgyur ba bzhugs so	18 ff	xyl	bo-Latn-x-EWTS	29 x 8	Prophecy.	
440	Rgya nag ri bo rtse lnga ru dge slong bsod nams rin chen la spyan ras gzigs kyis gsungs pa bzhugs so	8 ff folded	xyl	bo-Latn-x-EWTS	28 x 9	Spiritual life--Buddhism.	
441	Gshin rtsis rgya mo dar chags las dang por lo bshad brtsi ba bzhugso :	28 ff	ms	bo-Latn-x-EWTS	26 x 9	Astrology, Tibetan.	Buddhist astrology.
442	Gza' dang skar ma gnyis phrad khams sbyor bzhugs so	[19] ff folded,sewn	ms	bo-Latn-x-EWTS	23 x 7	Astrology, Tibetan.	Buddhist astrology.
443	Lha mo brgyad rtsis bza' 'bras dang bcas pa bzhugs so	9 ff	xyl	bo-Latn-x-EWTS	26 x 9	Astrology, Tibetan.	Buddhist astrology.
444	Dpal ldan dmag zor rgyal mo'i sgo nas rno mthong sgrub tshul de'i 'grel dang bcas pa bzhugs so	60 ff	xyl	bo-Latn-x-EWTS	26 x 9	Spiritual life--Buddhism.	
445	Dpal ldan dmag zor rgyal mo'i sgo nas rno mthong sgrub tshul de'i 'grel dang bcas pa bzhugs so	58 ff	xyl	bo-Latn-x-EWTS	26 x 9	Spiritual life--Buddhism.	
446	Sangs rgyas kyi lung bstan [nam mkha' nas]....zhugs so	15 ff folded, sewn	xyl	bo-Latn-x-EWTS	26 x 9	Prophecy.	
447	Lha mo brgyad rtsis ma bzhugso	8 ff folded,sewn	xyl	bo-Latn-x-EWTS	25 x 8	Astrology, Tibetan.	Buddhist astrology.
448	Skar ma dang pho rog gnyis kyi mngon shes bya skan stag pa 'do nang bzhugs	7 ff	xyl	bo-Latn-x-EWTS	24 x 8	Spiritual life--Buddhism.	
449	Sbas yul 'bras mo ljongs 'og min rnam dag pad ma drwa ba can gyi gnas yig lung bstan gsol 'debs smon lam gter srung gsol mchog bcas bzhugs	18 ff folded	xyl	bo-Latn-x-EWTS	27 x 9	Prayers.	Buddhism--Prayers and devotions.
450	Dpal ldan bla ma dam pa rje btsun blo bzang ye shes kyis gsung las gsang ba'i rnam thar bzhugs so	45 ff	xyl	bo-Latn-x-EWTS	33 x 9	Religious biography.	Spiritual biography.
451	Dpal ldan bla ma dam pa rje btsun blo bzang ye shes kyis gsung las gsang ba'i rnam thar bzhugs so	45 ff	xyl	bo-Latn-x-EWTS	34 x 10	Religious biography.	Spiritual biography.
452	nt Dkyil 'khor chen po'i rdo rje slob dpon 'chi med bstan gnyis g.yung drung gling pa'i....?	1 ff	ms	bo-Latn-x-EWTS	30 x 8	Prayers.	Buddhism--Prayers and devotions.
453	OM: Dag snang ye shes 'dra ba las: 'chi med tshe yi bcud len dngos grub gyis 'byung gnas bzhugs soha	5 ff	ms	bo-Latn-x-EWTS	22 x 9	Ritual.  	Buddhism--Rituals--Texts.  
454	nt Rigs brgya'i khyab bdag ston pa 'o mi'i 'gyur:	1 ff	ms	bo-Latn-x-EWTS	27 x 7	Prayers.	Buddhism--Prayers and devotions.
455	Phyugs nad rna gcad thams cad rag tu zhi bar byed pa'i gzungs bzhugs so + 2r Bong gzungs bzhugs so 	1 + 2 ff	xyl	bo-Latn-x-EWTS	23 x 8	Prayers.	Buddhism--Prayers and devotions.
456	nt Dpal ldan lha mo'i bskang ba rims nad zhi mdzad bkra shis sha wa ri bdud rtsi'i char rgyun bi h+'a ra	2 ff	xyl	bo-Latn-x-EWTS	42 x 9	Ritual.	Buddhism--Rituals--Texts.
457	Gza' bza' bar? bdun kyis khams dang gla bzag lam zhug sogs bzhugso	[8] ff, folded,sewn	ms	bo-Latn-x-EWTS	25 x 9	Astrology, Tibetan., Tibetan.	Buddhist astrology.
458	[ 4 praxis booklets]	each folded, sewn	ms		24 x 7	Ritual.	Buddhism--Rituals--Texts.
459	Gnam chos gur grags phur 'jug can rgyal 'gong 'dul byed bzhugso/ bka' rgya dam song yod pas gsang rgya 	5 ff	ms	bo-Latn-x-EWTS	23 x 7	Ritual.	Buddhism--Rituals--Texts.
460	Chab gtor mdor bsdus bzhugs so	10+2 ff	xyl+ms	bo-Latn-x-EWTS	28 x 8	Ritual.	Buddhism--Rituals--Texts.
461	Gnam chos thugs kyi gter kha snyan rgyud sa mo'i bskor las bde chen zhing gis sgrub thabs bzhugso	7+3+4	ms	bo-Latn-x-EWTS	28 x 8	Ritual.	Buddhism--Rituals--Texts.
462	 'Di na la/ blo khyi lag gyi nyer ba la ?? ba'i nges la dpe	16 ff, folded,sewn	ms	bo-Latn-x-EWTS	32 x 9	Spiritual life--Buddhism.	
463	Seng+ge'i gdons pa can gyi bzlog pa bzhugso	7 ff concertina	ms	bo-Latn-x-EWTS	30 x 9	Ritual.	Buddhism--Rituals--Texts.
464	Dkon mchog spyi 'dus kyi mkha' 'gro'i sun bzlog mdor bsdus pad+ma 'od 'bar dang sbyar ba bzhugs	8 ff concertina	ms	bo-Latn-x-EWTS	23 x 8	Ritual.	Buddhism--Rituals--Texts.
465	Klu thebs dang phan yon bcas pa bzhugs so	4 ff folded, stapled	ms	bo-Latn-x-EWTS	26 x 8	Meteorology.	
466	Yid dam pa rnams la gsol ba 'debs pa dge legs shes pa'i dbyangs snyan/ zhes ba'i dbu phyogs lags so	8 ff	ms	bo-Latn-x-EWTS	32 x 8	Tibetan poetry.	
467	nt Na mo gu ru/ rtsa ba'i bla ma dus gsum gyi sangs rgyas/	1 ff incompl.	ms 	bo-Latn-x-EWTS	30 x 8	Prayers.	Buddhism--Prayers and devotions.
468	nt Grub chen Karma pakshi bla ma'i rnal 'byor gyi? byin rlab kyi rgyun khyer nyung? bsdus bzhugs so 	1 ff  	ms	bo-Latn-x-EWTS	28 x 7 	Prayers.	Buddhism--Prayers and devotions.
469	Yig drug byang 'bod dang sbyung gnas gyi smon lam dang dge slong ma dpal mo'i sgribs pa sbyongs wa bcas ba zhib bya ba bzhugs so	9+1 ff	ms	bo-Latn-x-EWTS	28 x 7 	Ritual.	Buddhism--Rituals--Texts.
470	Grub chen thang stong rgyal po'i gsung mu ge'i 'jigs pa zhi ba'i gsol 'debs bzhugs so	3 ff	xyl	bo-Latn-x-EWTS	28 x 8	Prayers.	Buddhism--Prayers and devotions.
471	PaN chen blo bzang chos rgyan gyis mdzad pa ri ? bsur bzhugs so	5 ff	xyl	bo-Latn-x-EWTS	26 x 8	Prayers.	Buddhism--Prayers and devotions.
472	Myur byon gsol 'debs bden tshig myur 'grub ces bya ba bzhugs so	5 ff	xyl	bo-Latn-x-EWTS	28 x 9	Prayers.	Buddhism--Prayers and devotions.
473	Ri chos mtshams gyi zhal gdams/ bar do ngo sprod thol grol bsdus pa bzhugso	13 ff	ms	bo-Latn-x-EWTS	28 x 7	Prayers.	Buddhism--Prayers and devotions.
474	 nt ?'Jigs med 'od zer...?? 	1 ff folded [incompl?]	ms	bo-Latn-x-EWTS	15 x 34	Spiritual life--Buddhism.	
475	nt ...'Bab/ yang na bskal pa 'jig rten 'bab/...	19 + 8 ff mostly sewn	ms	bo-Latn-x-EWTS	18 x 7	Divination.	
476	nt Snga srung mchi gtor...ni	2 ff	ms	bo-Latn-x-EWTS	22 x 7	Ritual.	Buddhism--Rituals--Texts.
477	nt ??rin chen lha shing...	8 ff folded	ms	bo-Latn-x-EWTS	20 x 7	Ritual.	Buddhism--Rituals--Texts.
478	nt Phyag rngon gtum po me lce phreng ba'i rgyun khyer bzhugso:	2 ff	ms	bo-Latn-x-EWTS	27 x 7	Ritual. 	Buddhism--Rituals--Texts. 
479	nt Tshul khrims rnam par dag pa'i gzungs na/	1 ff	xyl	bo-Latn-x-EWTS	29 x 8	Ritual. 	insert page
480	nt Kun kyang chos la spyod par shog	4 ff [pp21-23] incompl	xyl	bo-Latn-x-EWTS	29 x 7	Ritual.	Buddhism--Rituals--Texts.
481	nt De nas bod la 'khrugs pa 'di bzhin 'byung/	2 ff	ms	bo-Latn-x-EWTS	33 x 9	Ritual.	Buddhism--Rituals--Texts.
482	tp illeg, 1v Klag pa dang lta gzo dang shigs gngon dang /	3 ff [incompl]	ms	bo-Latn-x-EWTS	20 x 7	Ritual.	Buddhism--Rituals--Texts.
483	Sbyang pa'i yon tan bcu gnyis dang 'brel ba'i mgul ma 'jom mo'i byangs bsnyan bzhigs so	5 ff	ms	bo-Latn-x-EWTS	28 x 7	Spiritual life--Buddhism.	
484	nt Lam gyi gtso bo rnam gsum bzhugs/	2 ff	xyl	bo-Latn-x-EWTS	31 x 9	Spiritual life--Buddhism.	
485	nt Lam gyi gtso bo rnam gsum bzhugs/	2 ff	xyl	bo-Latn-x-EWTS	31 x 9	Spiritual life--Buddhism.	
486	nt Lam gyi gtso bo rnam gsum bzhugs/	2 ff	xyl	bo-Latn-x-EWTS	31 x 9	Spiritual life--Buddhism.	
487	Zhabs brtan gsol 'debs 'chi med grub pa'i byin rgya zhes bya ba zhugs so	4 ff  	xyl	bo-Latn-x-EWTS	33 x 9	Prayers.	Buddhism--Prayers and devotions.
488	Tsakra samAsna kSha tra pArata ka ra tisma// Tsis kyi bag ma gdeng dkor bzhugs	14 ff folded,sewn	ms	bo-Latn-x-EWTS	17 x 7	Marriage.	
489	nt Rgyang 'bod kyi gsol 'debs gnyug ma'i thol glu zhes bya ba	1 ff	xyl	bo-Latn-x-EWTS	34 x 9	Prayers.	Buddhism--Prayers and devotions.
490	OM A HUM Badzra gu ru'i phan yon bzhugs so	18 + 3 insert ff, folded,sewn	ms	bo-Latn-x-EWTS	34 x 11	Prayers.	Buddhism--Prayers and devotions.
491	Ka lnga par 'jug pa'i smon tshig mgyogs 'gro'i pho nya zhes bya ba dang rdza rtsig gtam rgyud bcas bzhugs so	26 ff	xyl	bo-Latn-x-EWTS	27 x 8	Ritual.	Buddhism--Rituals--Texts.
492	nt odds, margin: Bshags rgyud	8 ff, random	xyl	bo-Latn-x-EWTS	36 x 10	Confession (Liturgy)	Buddhism--Prayers and devotions.
493	Sdig bshags gser gyi spu gri dang / lhag pa'i smon lam them skas ma bzhugs so	14 ff	xyl	bo-Latn-x-EWTS	31 x 10	Confession (Liturgy)	Buddhism--Prayers and devotions.
494	Bcom ldan 'das sman lha'i mdo choga snying po bsdus pa yid bzhin nor bu zhes bya ba bzhugs so	13 ff	xyl	bo-Latn-x-EWTS	31 x 9	Ritual.	Buddhism--Rituals--Texts.
495	Dpal rdo rje phur bu'i rgyun gyi rnal 'byor snying por dril ba bzhugs so	2 ff	print, typeset	bo-Latn-x-EWTS	24 x 7	Ritual.	Buddhism--Rituals--Texts.
496	Gong sa chen por zhabs brtan du gsol ba 'chi med sgra dbyangs ces bya ba bzhugs so	1 ff	print, typeset	bo-Latn-x-EWTS	28 x 9	Prayers.	Buddhism--Prayers and devotions.
497	Bla ma'i thugssgrub bar chad kun sel las: phrin las snying po'i rnal 'byor bzhugs so:	6 ff	xyl	bo-Latn-x-EWTS	29 x 7	Ritual.	Buddhism--Rituals--Texts.
498	Bla ma mchod pa'i cho ga bzhugs so	28 ff	xyl	bo-Latn-x-EWTS	27 x 9	Prayers.	Buddhism--Prayers and devotions.
499	Smon lam gyi rim pa rnams phyogs gcig tu bsdebs pa byang chen rgya mtshor gzhol ba'i gang+gA zhes bya ba bzhugs so	54 ff	xyl	bo-Latn-x-EWTS	33 x 10	Prayers.	Buddhism--Prayers and devotions.
500	Jam dpal bstod pa yon tan bzang pos mdzad pa bzhugs so	2 ff	ms	bo-Latn-x-EWTS	30 x 8	Prayers.	Buddhism--Prayers and devotions.
501	Gongs chen por zhabs brtan du gsol ba 'chi me sgra dbyangs ces bya ba bzhugs so	1 ff	xyl	bo-Latn-x-EWTS	32 x 9	Prayers.	Buddhism--Prayers and devotions.
502	Dam tshig thams cad kyi nyams chag skong ba'i lung bzhugs so	129 ff	ms	bo-Latn-x-EWTS	28 x 9	Confession (Liturgy)	
